START TRANSACTION;

insert into `diner`.`waiter` (id, name, surname, active) values (1, 'Carlos', 'Rodríguez', true);
insert into `diner`.`waiter` (id, name, surname, active) values (2, 'Roberto', 'Fernández', true);

insert into `diner`.`order_detail_state` (id, description) values (1, 'NUEVO');
insert into `diner`.`order_detail_state` (id, description) values (2, 'SOLICITADO');
insert into `diner`.`order_detail_state` (id, description) values (3, 'EN PREPARACIÓN');
insert into `diner`.`order_detail_state` (id, description) values (4, 'PREPARADO');
insert into `diner`.`order_detail_state` (id, description) values (5, 'ENTREGADO');
insert into `diner`.`order_detail_state` (id, description) values (6, 'FACTURADO');

insert into `diner`.`table_state` (id, description) values (1, 'DISPONIBLE');
insert into `diner`.`table_state` (id, description) values (2, 'TOMADA');

insert into `diner`.`table` (id, state_id, waiter_id, active) values (1, 1, null, true);
insert into `diner`.`table` (id, state_id, waiter_id, active) values (2, 1, null, true);
insert into `diner`.`table` (id, state_id, waiter_id, active) values (3, 1, null, true);
insert into `diner`.`table` (id, state_id, waiter_id, active) values (4, 1, null, true);
insert into `diner`.`table` (id, state_id, waiter_id, active) values (5, 1, null, true);
insert into `diner`.`table` (id, state_id, waiter_id, active) values (6, 1, null, true);
insert into `diner`.`table` (id, state_id, waiter_id, active) values (7, 1, null, true);
insert into `diner`.`table` (id, state_id, waiter_id, active) values (8, 1, null, true);
insert into `diner`.`table` (id, state_id, waiter_id, active) values (9, 1, null, true);
insert into `diner`.`table` (id, state_id, waiter_id, active) values (10, 1, null, true);

insert into `diner`.`category` (id, description, active) values (1, 'Entradas', true);
insert into `diner`.`category` (id, description, active) values (2, 'Carnes', true);
insert into `diner`.`category` (id, description, active) values (3, 'Minutas', true);
insert into `diner`.`category` (id, description, active) values (4, 'Pastas Caseras', true);
insert into `diner`.`category` (id, description, active) values (5, 'Acompañamientos', true);
insert into `diner`.`category` (id, description, active) values (6, 'Postres', true);
insert into `diner`.`category` (id, description, active) values (7, 'Bebidas', true);

insert into `diner`.`subcategory` (id, description, active, category_id) values (1, 'Embutidos', true, 1);
insert into `diner`.`subcategory` (id, description, active, category_id) values (2, 'Otros', true, 1);
insert into `diner`.`subcategory` (id, description, active, category_id) values (3, 'Ternera', true, 2);
insert into `diner`.`subcategory` (id, description, active, category_id) values (4, 'Cerdo', true, 2);
insert into `diner`.`subcategory` (id, description, active, category_id) values (5, 'Pollo', true, 2);
insert into `diner`.`subcategory` (id, description, active, category_id) values (6, 'Milanesas', true, 3);
insert into `diner`.`subcategory` (id, description, active, category_id) values (7, 'Tallarines al Huevo', true, 4);
insert into `diner`.`subcategory` (id, description, active, category_id) values (8, 'Ravioles', true, 4);
insert into `diner`.`subcategory` (id, description, active, category_id) values (9, 'Sorrentinos', true, 4);
insert into `diner`.`subcategory` (id, description, active, category_id) values (10, 'Ensaladas y Guarniciones', true, 5);
insert into `diner`.`subcategory` (id, description, active, category_id) values (11, 'Sandwiches', true, 5);
insert into `diner`.`subcategory` (id, description, active, category_id) values (12, 'Caseros', true, 6);
insert into `diner`.`subcategory` (id, description, active, category_id) values (13, 'Helados', true, 6);
insert into `diner`.`subcategory` (id, description, active, category_id) values (14, 'Sin alcohol', true, 7);
insert into `diner`.`subcategory` (id, description, active, category_id) values (15, 'Cervezas', true, 7);
insert into `diner`.`subcategory` (id, description, active, category_id) values (16, 'Espumantes', true, 7);
insert into `diner`.`subcategory` (id, description, active, category_id) values (17, 'Cafetería', true, 7);
insert into `diner`.`subcategory` (id, description, active, category_id) values (18, 'Vinos', true, 7);

insert into `diner`.`product` (id, description, price, celiac_allowed, active, subcategory_id) values (1, 'Tabla de Fiambres', 62.70, false, true, 1);
insert into `diner`.`product` (id, description, price, celiac_allowed, active, subcategory_id) values (2, 'Fiambre Surtido', 39.60, false, true, 1);
insert into `diner`.`product` (id, description, price, celiac_allowed, active, subcategory_id) values (3, 'Salame de la Colonia', 28.50, false, true, 1);
insert into `diner`.`product` (id, description, price, celiac_allowed, active, subcategory_id) values (4, 'Jamón Crudo', 28.50, false, true, 1);
insert into `diner`.`product` (id, description, price, celiac_allowed, active, subcategory_id) values (5, 'Matambre Arrollado Casero', 29.60, false, true, 2);
insert into `diner`.`product` (id, description, price, celiac_allowed, active, subcategory_id) values (6, 'Arrollado de Pollo Casero', 29.60, false, true, 2);
insert into `diner`.`product` (id, description, price, celiac_allowed, active, subcategory_id) values (7, 'Porción de Queso', 18.60, false, true, 2);
insert into `diner`.`product` (id, description, price, celiac_allowed, active, subcategory_id) values (8, 'Vittel Tonne', 19.70, false, true, 2);
insert into `diner`.`product` (id, description, price, celiac_allowed, active, subcategory_id) values (9, 'Lengua a la Vinagreta', 17.50, false, true, 2);
insert into `diner`.`product` (id, description, price, celiac_allowed, active, subcategory_id) values (10, 'Rabas a la Romana', 54.00, false, true, 2);
insert into `diner`.`product` (id, description, price, celiac_allowed, active, subcategory_id) values (11, 'Rabas a la Provenzal', 59.50, false, true, 2);
insert into `diner`.`product` (id, description, price, celiac_allowed, active, subcategory_id) values (12, 'Empanadas Criollas', 7.00, false, true, 2);
insert into `diner`.`product` (id, description, price, celiac_allowed, active, subcategory_id) values (13, 'Bife de Chorizo', 52.90, false, true, 3);
insert into `diner`.`product` (id, description, price, celiac_allowed, active, subcategory_id) values (14, 'Bife de Chorizo Completo', 65.90, false, true, 3);
insert into `diner`.`product` (id, description, price, celiac_allowed, active, subcategory_id) values (15, 'Bife de Chorizo “La Perla”', 65.90, false, true, 3);
insert into `diner`.`product` (id, description, price, celiac_allowed, active, subcategory_id) values (16, 'Bife de Chorizo con Champignon', 65.90, false, true, 3);
insert into `diner`.`product` (id, description, price, celiac_allowed, active, subcategory_id) values (17, 'Bife de Chorizo a la Pimienta', 69.50, false, true, 3);
insert into `diner`.`product` (id, description, price, celiac_allowed, active, subcategory_id) values (18, 'Medallón de Lomo', 53.90, false, true, 3);
insert into `diner`.`product` (id, description, price, celiac_allowed, active, subcategory_id) values (19, 'Medallón de Lomo completo', 67.00, false, true, 3);
insert into `diner`.`product` (id, description, price, celiac_allowed, active, subcategory_id) values (20, 'Medallón de Lomo “La Perla”', 67.00, false, true, 3);
insert into `diner`.`product` (id, description, price, celiac_allowed, active, subcategory_id) values (21, 'Medallón de Lomo c/ Champignon', 67.00, false, true, 3);
insert into `diner`.`product` (id, description, price, celiac_allowed, active, subcategory_id) values (22, 'Medallón de Lomo a la Pimienta', 70.50, false, true, 3);
insert into `diner`.`product` (id, description, price, celiac_allowed, active, subcategory_id) values (23, 'Bife de Chorizo Deshuesado', 47.50, false, true, 3);
insert into `diner`.`product` (id, description, price, celiac_allowed, active, subcategory_id) values (24, 'Bife de Chorizo Deshuesado Completo', 60.50, false, true, 3);
insert into `diner`.`product` (id, description, price, celiac_allowed, active, subcategory_id) values (25, 'Bife de Chorizo Deshuesado “La Perla”', 60.50, false, true, 3);
insert into `diner`.`product` (id, description, price, celiac_allowed, active, subcategory_id) values (26, 'Bife de Chorizo Deshuesado con Champignon', 60.50, false, true, 3);
insert into `diner`.`product` (id, description, price, celiac_allowed, active, subcategory_id) values (27, 'Bife de Chorizo Deshuesado a la Pimienta', 63.70, false, true, 3);
insert into `diner`.`product` (id, description, price, celiac_allowed, active, subcategory_id) values (28, 'Churrasco de Cuadril', 32.00, false, true, 3);
insert into `diner`.`product` (id, description, price, celiac_allowed, active, subcategory_id) values (29, 'Costeletitas de Cerdo al Ananá', 48.50, false, true, 4);
insert into `diner`.`product` (id, description, price, celiac_allowed, active, subcategory_id) values (30, 'Costeletitas de Cerdo a la Riojana', 48.50, false, true, 4);
insert into `diner`.`product` (id, description, price, celiac_allowed, active, subcategory_id) values (31, '1/4 Pollo al Horno', 29.60, false, true, 5);
insert into `diner`.`product` (id, description, price, celiac_allowed, active, subcategory_id) values (32, 'Pechuga Deshuesada Grille', 31.80, false, true, 5);
insert into `diner`.`product` (id, description, price, celiac_allowed, active, subcategory_id) values (33, 'Pechuga Deshuesada al Champignon', 47.50, false, true, 5);
insert into `diner`.`product` (id, description, price, celiac_allowed, active, subcategory_id) values (34, 'Pechuga Deshuesada al Roquefort', 47.50, false, true, 5);
insert into `diner`.`product` (id, description, price, celiac_allowed, active, subcategory_id) values (35, 'Pechuga Deshuesada al Verdeo', 47.50, false, true, 5);
insert into `diner`.`product` (id, description, price, celiac_allowed, active, subcategory_id) values (36, 'Suprema de Pollo', 39.50, false, true, 5);
insert into `diner`.`product` (id, description, price, celiac_allowed, active, subcategory_id) values (37, 'Suprema Napolitana', 52.70, false, true, 5);
insert into `diner`.`product` (id, description, price, celiac_allowed, active, subcategory_id) values (38, 'Suprema al Champignon', 52.70, false, true, 5);
insert into `diner`.`product` (id, description, price, celiac_allowed, active, subcategory_id) values (39, 'Suprema al Roquefort', 52.70, false, true, 5);
insert into `diner`.`product` (id, description, price, celiac_allowed, active, subcategory_id) values (40, 'Suprema Fugazzetta', 52.70, false, true, 5);
insert into `diner`.`product` (id, description, price, celiac_allowed, active, subcategory_id) values (41, 'Suprema al Ananá', 52.70, false, true, 5);
insert into `diner`.`product` (id, description, price, celiac_allowed, active, subcategory_id) values (42, 'Suprema Maryland', 54.90, false, true, 5);
insert into `diner`.`product` (id, description, price, celiac_allowed, active, subcategory_id) values (43, 'Suprema “La Perla”', 54.90, false, true, 5);
insert into `diner`.`product` (id, description, price, celiac_allowed, active, subcategory_id) values (44, '1/2 Pollo Deshuesado Grille', 50.50, false, true, 5);
insert into `diner`.`product` (id, description, price, celiac_allowed, active, subcategory_id) values (45, '1/2 Pollo Deshuesado al Ajillo', 63.70, false, true, 5);
insert into `diner`.`product` (id, description, price, celiac_allowed, active, subcategory_id) values (46, '1/2 Pollo Deshuesado Napolitano', 63.70, false, true, 5);
insert into `diner`.`product` (id, description, price, celiac_allowed, active, subcategory_id) values (47, '1/2 Pollo Deshuesado al Champignon', 63.70, false, true, 5);
insert into `diner`.`product` (id, description, price, celiac_allowed, active, subcategory_id) values (48, '1/2 Pollo Deshuesado al Roquefort', 63.70, false, true, 5);
insert into `diner`.`product` (id, description, price, celiac_allowed, active, subcategory_id) values (49, '1/2 Pollo Deshuesado al Ananá', 63.70, false, true, 5);
insert into `diner`.`product` (id, description, price, celiac_allowed, active, subcategory_id) values (50, '1/2 Pollo Deshuesado al Verdeo', 63.70, false, true, 5);
insert into `diner`.`product` (id, description, price, celiac_allowed, active, subcategory_id) values (51, 'Milanesa de Ternera', 32.90, false, true, 6);
insert into `diner`.`product` (id, description, price, celiac_allowed, active, subcategory_id) values (52, 'Milanesa Completa', 47.20, false, true, 6);
insert into `diner`.`product` (id, description, price, celiac_allowed, active, subcategory_id) values (53, 'Milanesa Napolitana', 41.70, false, true, 6);
insert into `diner`.`product` (id, description, price, celiac_allowed, active, subcategory_id) values (54, 'Milanesa Fugazzetta', 41.70, false, true, 6);
insert into `diner`.`product` (id, description, price, celiac_allowed, active, subcategory_id) values (55, 'Milanesa Rellena c/Jamón y Queso', 41.70, false, true, 6);
insert into `diner`.`product` (id, description, price, celiac_allowed, active, subcategory_id) values (56, 'Milanesa Rellena con Roquefort', 41.70, false, true, 6);
insert into `diner`.`product` (id, description, price, celiac_allowed, active, subcategory_id) values (57, 'Milanesa al Champignon', 41.70, false, true, 6);
insert into `diner`.`product` (id, description, price, celiac_allowed, active, subcategory_id) values (58, 'Milanesa Mediterranea', 41.70, false, true, 6);
insert into `diner`.`product` (id, description, price, celiac_allowed, active, subcategory_id) values (59, 'Milanesa “La Perla”', 52.70, false, true, 6);
insert into `diner`.`product` (id, description, price, celiac_allowed, active, subcategory_id) values (60, 'Tallarines al Filetto', 30.70, false, true, 7);
insert into `diner`.`product` (id, description, price, celiac_allowed, active, subcategory_id) values (61, 'Tallarines a la Parisién', 40.90, false, true, 7);
insert into `diner`.`product` (id, description, price, celiac_allowed, active, subcategory_id) values (62, 'Tallarines a la Crema', 35.00, false, true, 7);
insert into `diner`.`product` (id, description, price, celiac_allowed, active, subcategory_id) values (63, 'Tallarines Gran Caruso', 40.90, false, true, 7);
insert into `diner`.`product` (id, description, price, celiac_allowed, active, subcategory_id) values (64, 'Tallarines Mixta', 35.00, false, true, 7);
insert into `diner`.`product` (id, description, price, celiac_allowed, active, subcategory_id) values (65, 'Tallarines Príncipe de Nápoles', 40.90, false, true, 7);
insert into `diner`.`product` (id, description, price, celiac_allowed, active, subcategory_id) values (66, 'Tallarines Salsa Blanca', 35.00, false, true, 7);
insert into `diner`.`product` (id, description, price, celiac_allowed, active, subcategory_id) values (67, 'Tallarines Cuatro Quesos', 40.90, false, true, 7);
insert into `diner`.`product` (id, description, price, celiac_allowed, active, subcategory_id) values (68, 'Tallarines Bolognesa', 36.50, false, true, 7);
insert into `diner`.`product` (id, description, price, celiac_allowed, active, subcategory_id) values (69, 'Ravioles al Filetto', 32.90, false, true, 8);
insert into `diner`.`product` (id, description, price, celiac_allowed, active, subcategory_id) values (70, 'Ravioles a la Parisién', 42.80, false, true, 8);
insert into `diner`.`product` (id, description, price, celiac_allowed, active, subcategory_id) values (71, 'Ravioles a la Crema', 37.50, false, true, 8);
insert into `diner`.`product` (id, description, price, celiac_allowed, active, subcategory_id) values (72, 'Ravioles Gran Caruso', 42.80, false, true, 8);
insert into `diner`.`product` (id, description, price, celiac_allowed, active, subcategory_id) values (73, 'Ravioles Mixta', 37.50, false, true, 8);
insert into `diner`.`product` (id, description, price, celiac_allowed, active, subcategory_id) values (74, 'Ravioles Príncipe de Nápoles', 42.80, false, true, 8);
insert into `diner`.`product` (id, description, price, celiac_allowed, active, subcategory_id) values (75, 'Ravioles Blanca', 37.50, false, true, 8);
insert into `diner`.`product` (id, description, price, celiac_allowed, active, subcategory_id) values (76, 'Ravioles a los Cuatro Quesos', 42.80, false, true, 8);
insert into `diner`.`product` (id, description, price, celiac_allowed, active, subcategory_id) values (77, 'Ravioles Bolognesa', 38.50, false, true, 8);
insert into `diner`.`product` (id, description, price, celiac_allowed, active, subcategory_id) values (78, 'Sorrentinos al Filetto', 36.50, false, true, 9);
insert into `diner`.`product` (id, description, price, celiac_allowed, active, subcategory_id) values (79, 'Sorrentinos a la Parisién', 46.00, false, true, 9);
insert into `diner`.`product` (id, description, price, celiac_allowed, active, subcategory_id) values (80, 'Sorrentinos a la Crema', 40.90, false, true, 9);
insert into `diner`.`product` (id, description, price, celiac_allowed, active, subcategory_id) values (81, 'Sorrentinos Gran Caruso', 46.00, false, true, 9);
insert into `diner`.`product` (id, description, price, celiac_allowed, active, subcategory_id) values (82, 'Sorrentinos Mixta', 40.90, false, true, 9);
insert into `diner`.`product` (id, description, price, celiac_allowed, active, subcategory_id) values (83, 'Sorrentinos Príncipe de Nápoles', 46.00, false, true, 9);
insert into `diner`.`product` (id, description, price, celiac_allowed, active, subcategory_id) values (84, 'Sorrentinos Blanca', 40.90, false, true, 9);
insert into `diner`.`product` (id, description, price, celiac_allowed, active, subcategory_id) values (85, 'Sorrentinos a los Cuatro Quesos', 46.00, false, true, 9);
insert into `diner`.`product` (id, description, price, celiac_allowed, active, subcategory_id) values (86, 'Sorrentinos Bolognesa', 41.90 , false, true, 9);
insert into `diner`.`product` (id, description, price, celiac_allowed, active, subcategory_id) values (87, 'Ensalada "La Perla"', 28.90, false, true, 10);
insert into `diner`.`product` (id, description, price, celiac_allowed, active, subcategory_id) values (88, 'Ensalada Mixta Especial', 18.90, false, true, 10);
insert into `diner`.`product` (id, description, price, celiac_allowed, active, subcategory_id) values (89, 'Ensalada Mixta', 14.50, false, true, 10);
insert into `diner`.`product` (id, description, price, celiac_allowed, active, subcategory_id) values (90, 'Ensalada Rusa', 14.50, false, true, 10);
insert into `diner`.`product` (id, description, price, celiac_allowed, active, subcategory_id) values (91, 'Ensalada de Tomate', 14.50, false, true, 10);
insert into `diner`.`product` (id, description, price, celiac_allowed, active, subcategory_id) values (92, 'Ensalada de Remolacha', 14.50, false, true, 10);
insert into `diner`.`product` (id, description, price, celiac_allowed, active, subcategory_id) values (93, 'Ensalada de Zanahoria', 14.50, false, true, 10);
insert into `diner`.`product` (id, description, price, celiac_allowed, active, subcategory_id) values (94, 'Ensalada de Achicoria', 14.50, false, true, 10);
insert into `diner`.`product` (id, description, price, celiac_allowed, active, subcategory_id) values (95, 'Ensalada de Lechuga', 14.50, false, true, 10);
insert into `diner`.`product` (id, description, price, celiac_allowed, active, subcategory_id) values (96, 'Ensalada de Rucula con Queso Parmessano', 20.90, false, true, 10);
insert into `diner`.`product` (id, description, price, celiac_allowed, active, subcategory_id) values (97, 'Panache de Verduras', 23.00, false, true, 10);
insert into `diner`.`product` (id, description, price, celiac_allowed, active, subcategory_id) values (98, 'Puré de Papas', 14.50, false, true, 10);
insert into `diner`.`product` (id, description, price, celiac_allowed, active, subcategory_id) values (99, 'Puré de Calabaza o Mixto', 14.50 , false, true, 10);
insert into `diner`.`product` (id, description, price, celiac_allowed, active, subcategory_id) values (100, 'Papas a la Crema', 19.90, false, true, 10);
insert into `diner`.`product` (id, description, price, celiac_allowed, active, subcategory_id) values (101, 'Papas Fritas con Huevo Revuelto', 19.90, false, true, 10);
insert into `diner`.`product` (id, description, price, celiac_allowed, active, subcategory_id) values (102, 'Revuelto Gramajo', 24.00, false, true, 10);
insert into `diner`.`product` (id, description, price, celiac_allowed, active, subcategory_id) values (103, 'Papas Fritas', 12.50, false, true, 10);
insert into `diner`.`product` (id, description, price, celiac_allowed, active, subcategory_id) values (104, 'Papas Rejilla', 13.90, false, true, 10);
insert into `diner`.`product` (id, description, price, celiac_allowed, active, subcategory_id) values (105, 'Papas Noissette', 16.00, false, true, 10);
insert into `diner`.`product` (id, description, price, celiac_allowed, active, subcategory_id) values (106, 'Lomito Completo', 46.00, false, true, 11);
insert into `diner`.`product` (id, description, price, celiac_allowed, active, subcategory_id) values (107, 'Lomito de Pollo', 46.00, false, true, 11);
insert into `diner`.`product` (id, description, price, celiac_allowed, active, subcategory_id) values (108, 'Flan Casero', 14.50, false, true, 12);
insert into `diner`.`product` (id, description, price, celiac_allowed, active, subcategory_id) values (109, 'Budín de Pan Casero', 15.90, false, true, 12);
insert into `diner`.`product` (id, description, price, celiac_allowed, active, subcategory_id) values (110, 'Zingarella Casera', 16.90, false, true, 12);
insert into `diner`.`product` (id, description, price, celiac_allowed, active, subcategory_id) values (111, 'Ensalada de Frutas', 16.50, false, true, 12);
insert into `diner`.`product` (id, description, price, celiac_allowed, active, subcategory_id) values (112, 'Ensalada de Frutas con Bocha de Helado', 20.90, false, true, 12);
insert into `diner`.`product` (id, description, price, celiac_allowed, active, subcategory_id) values (113, 'Duraznos en Almíbar', 15.50, false, true, 12);
insert into `diner`.`product` (id, description, price, celiac_allowed, active, subcategory_id) values (114, 'Zapallo en Almíbar', 15.50, false, true, 12);
insert into `diner`.`product` (id, description, price, celiac_allowed, active, subcategory_id) values (115, 'Higos en Almíbar', 15.50, false, true, 12);
insert into `diner`.`product` (id, description, price, celiac_allowed, active, subcategory_id) values (116, 'Baclawa', 17.50, false, true, 12);
insert into `diner`.`product` (id, description, price, celiac_allowed, active, subcategory_id) values (117, 'Strudel ', 18.60, false, true, 12);
insert into `diner`.`product` (id, description, price, celiac_allowed, active, subcategory_id) values (118, 'Mouse de Chocolate', 18.60, false, true, 12);
insert into `diner`.`product` (id, description, price, celiac_allowed, active, subcategory_id) values (119, 'Brownie con Helado de Crema', 18.90, false, true, 12);
insert into `diner`.`product` (id, description, price, celiac_allowed, active, subcategory_id) values (120, 'Tiramisu', 20.90, false, true, 12);
insert into `diner`.`product` (id, description, price, celiac_allowed, active, subcategory_id) values (121, 'Porción Chantillí o Dulce/Leche', 6.50, false, true, 12);
insert into `diner`.`product` (id, description, price, celiac_allowed, active, subcategory_id) values (122, 'Helado en Bochas', 15.50, false, true, 13);
insert into `diner`.`product` (id, description, price, celiac_allowed, active, subcategory_id) values (123, 'Almendrado Helado', 15.50, false, true, 13);
insert into `diner`.`product` (id, description, price, celiac_allowed, active, subcategory_id) values (124, 'Bombón Suizo', 15.50, false, true, 13);
insert into `diner`.`product` (id, description, price, celiac_allowed, active, subcategory_id) values (125, 'Bombón Escocés', 16.50, false, true, 13);
insert into `diner`.`product` (id, description, price, celiac_allowed, active, subcategory_id) values (126, 'Charlotte ', 19.90, false, true, 13);
insert into `diner`.`product` (id, description, price, celiac_allowed, active, subcategory_id) values (127, 'Copa Helada “La Perla”', 25.00, false, true, 13);
insert into `diner`.`product` (id, description, price, celiac_allowed, active, subcategory_id) values (128, 'Don Pedro c/Helado Crema', 26.50, false, true, 13);
insert into `diner`.`product` (id, description, price, celiac_allowed, active, subcategory_id) values (129, 'Agua Mineral Gasificada ', 12.00, false, true, 14);
insert into `diner`.`product` (id, description, price, celiac_allowed, active, subcategory_id) values (130, 'Agua Mineral ', 12.00, false, true, 14);
insert into `diner`.`product` (id, description, price, celiac_allowed, active, subcategory_id) values (131, 'Gaseosa Chica ', 12.00, false, true, 14);
insert into `diner`.`product` (id, description, price, celiac_allowed, active, subcategory_id) values (132, 'Agua Saborizada ', 13.50, false, true, 14);
insert into `diner`.`product` (id, description, price, celiac_allowed, active, subcategory_id) values (133, 'Gaseosa Grande ', 25.00, false, true, 14);
insert into `diner`.`product` (id, description, price, celiac_allowed, active, subcategory_id) values (134, 'Jugo de Naranja', 16.50, false, true, 14);
insert into `diner`.`product` (id, description, price, celiac_allowed, active, subcategory_id) values (135, 'Cerveza Quilmes Boca Ancha ', 14.50, false, true, 15);
insert into `diner`.`product` (id, description, price, celiac_allowed, active, subcategory_id) values (136, 'Cerveza Quilmes ', 25.50, false, true, 15);
insert into `diner`.`product` (id, description, price, celiac_allowed, active, subcategory_id) values (137, 'Cerveza Iguana ', 31.00, false, true, 15);
insert into `diner`.`product` (id, description, price, celiac_allowed, active, subcategory_id) values (138, 'Cerveza Estela Artois ', 38.50, false, true, 15);
insert into `diner`.`product` (id, description, price, celiac_allowed, active, subcategory_id) values (139, 'Champagne Chandon Extra Brut', 108.90, false, true, 16);
insert into `diner`.`product` (id, description, price, celiac_allowed, active, subcategory_id) values (140, 'Champagne Chandon Baby ', 33.00, false, true, 16);
insert into `diner`.`product` (id, description, price, celiac_allowed, active, subcategory_id) values (141, 'Champagne Mercier', 60.50, false, true, 16);
insert into `diner`.`product` (id, description, price, celiac_allowed, active, subcategory_id) values (142, 'New Age ', 54.00, false, true, 16);
insert into `diner`.`product` (id, description, price, celiac_allowed, active, subcategory_id) values (143, 'Whisky Chivas', 45.00, false, true, 16);
insert into `diner`.`product` (id, description, price, celiac_allowed, active, subcategory_id) values (144, 'Whisky Blenders', 25.00, false, true, 16);
insert into `diner`.`product` (id, description, price, celiac_allowed, active, subcategory_id) values (145, 'Fernet Branca ', 18.00, false, true, 16);
insert into `diner`.`product` (id, description, price, celiac_allowed, active, subcategory_id) values (146, 'Campari ', 30.00, false, true, 16);
insert into `diner`.`product` (id, description, price, celiac_allowed, active, subcategory_id) values (147, 'Cinzano', 24.50, false, true, 16);
insert into `diner`.`product` (id, description, price, celiac_allowed, active, subcategory_id) values (148, 'Gancia', 24.50, false, true, 16);
insert into `diner`.`product` (id, description, price, celiac_allowed, active, subcategory_id) values (149, 'Café o Cortado', 9.90, false, true, 17);
insert into `diner`.`product` (id, description, price, celiac_allowed, active, subcategory_id) values (150, 'Café Doble', 13.90, false, true, 17);
insert into `diner`.`product` (id, description, price, celiac_allowed, active, subcategory_id) values (151, 'Café con Crema', 13.90, false, true, 17);
insert into `diner`.`product` (id, description, price, celiac_allowed, active, subcategory_id) values (152, 'Té o Té Digestivos', 9.908/9, false, true, 17);
insert into `diner`.`product` (id, description, price, celiac_allowed, active, subcategory_id) values (153, 'Luigi Bosca Malbec Reserva', 154.00, false, true, 18);
insert into `diner`.`product` (id, description, price, celiac_allowed, active, subcategory_id) values (154, 'Finca la Linda Cabernet Sauvignon', 86.90, false, true, 18);
insert into `diner`.`product` (id, description, price, celiac_allowed, active, subcategory_id) values (155, 'Finca la Linda Malbec', 86.90, false, true, 18);
insert into `diner`.`product` (id, description, price, celiac_allowed, active, subcategory_id) values (156, 'Finca la Linda Chardonnay', 86.90, false, true, 18);
insert into `diner`.`product` (id, description, price, celiac_allowed, active, subcategory_id) values (157, 'Catena Zapata d.v. Cabernet Malbec', 132.00, false, true, 18);
insert into `diner`.`product` (id, description, price, celiac_allowed, active, subcategory_id) values (158, 'Alamo Malbec', 67.00, false, true, 18);
insert into `diner`.`product` (id, description, price, celiac_allowed, active, subcategory_id) values (159, 'Alamo Cabernet', 67.00, false, true, 18);
insert into `diner`.`product` (id, description, price, celiac_allowed, active, subcategory_id) values (160, 'Uxmal Cabernet', 49.50, false, true, 18);
insert into `diner`.`product` (id, description, price, celiac_allowed, active, subcategory_id) values (161, 'Uxmal Malbec', 49.50, false, true, 18);
insert into `diner`.`product` (id, description, price, celiac_allowed, active, subcategory_id) values (162, 'Uxmal Sauvignon Blanco', 49.50, false, true, 18);
insert into `diner`.`product` (id, description, price, celiac_allowed, active, subcategory_id) values (163, 'Estiba I Cabernet', 38.50, false, true, 18);
insert into `diner`.`product` (id, description, price, celiac_allowed, active, subcategory_id) values (164, 'Estiba I Malbec', 38.50, false, true, 18);
insert into `diner`.`product` (id, description, price, celiac_allowed, active, subcategory_id) values (165, 'Alambrado Malbec', 69.90, false, true, 18);
insert into `diner`.`product` (id, description, price, celiac_allowed, active, subcategory_id) values (166, 'Alambrado Cabernet Sauvignon', 69.90, false, true, 18);
insert into `diner`.`product` (id, description, price, celiac_allowed, active, subcategory_id) values (167, 'Fuzion Alta Malbec', 55.00, false, true, 18);
insert into `diner`.`product` (id, description, price, celiac_allowed, active, subcategory_id) values (168, 'Fuzion Alta Cabernet Sauvignon', 55.00, false, true, 18);
insert into `diner`.`product` (id, description, price, celiac_allowed, active, subcategory_id) values (169, 'Santa Julia Reserva Malbec', 58.00, false, true, 18);
insert into `diner`.`product` (id, description, price, celiac_allowed, active, subcategory_id) values (170, 'Santa Julia Reserva Tempranillo', 58.00, false, true, 18);
insert into `diner`.`product` (id, description, price, celiac_allowed, active, subcategory_id) values (171, 'Santa Julia Varietal Malbec', 46.50, false, true, 18);
insert into `diner`.`product` (id, description, price, celiac_allowed, active, subcategory_id) values (172, 'Santa Julia Varietal Cabernet Sauvignon', 46.50, false, true, 18);
insert into `diner`.`product` (id, description, price, celiac_allowed, active, subcategory_id) values (173, 'Santa Julia Varietal Syrah', 46.50, false, true, 18);
insert into `diner`.`product` (id, description, price, celiac_allowed, active, subcategory_id) values (174, 'Santa Julia Varietal Chardonnay', 46.50, false, true, 18);
insert into `diner`.`product` (id, description, price, celiac_allowed, active, subcategory_id) values (175, 'Conte de Valmont Tinto', 52.90, false, true, 18);
insert into `diner`.`product` (id, description, price, celiac_allowed, active, subcategory_id) values (176, 'Latitud 33 Malbec', 61.50, false, true, 18);
insert into `diner`.`product` (id, description, price, celiac_allowed, active, subcategory_id) values (177, 'Latitud 33 Cabernet Sauvignon', 61.50, false, true, 18);
insert into `diner`.`product` (id, description, price, celiac_allowed, active, subcategory_id) values (178, 'Castel Chandon Blanco', 42.90, false, true, 18);
insert into `diner`.`product` (id, description, price, celiac_allowed, active, subcategory_id) values (179, 'Lopez Tinto', 49.50, false, true, 18);
insert into `diner`.`product` (id, description, price, celiac_allowed, active, subcategory_id) values (180, 'Lopez Blanco', 49.50, false, true, 18);
insert into `diner`.`product` (id, description, price, celiac_allowed, active, subcategory_id) values (181, 'San Felipe Tinto', 41.90, false, true, 18);
insert into `diner`.`product` (id, description, price, celiac_allowed, active, subcategory_id) values (182, 'San Felipe Blanco', 41.90, false, true, 18);
insert into `diner`.`product` (id, description, price, celiac_allowed, active, subcategory_id) values (183, 'Norton Clásico Tinto', 37.50, false, true, 18);
insert into `diner`.`product` (id, description, price, celiac_allowed, active, subcategory_id) values (184, 'Norton Clásico Chardonnay', 37.50, false, true, 18);
insert into `diner`.`product` (id, description, price, celiac_allowed, active, subcategory_id) values (185, 'Colón Borgoña o Chablis', 28.50, false, true, 18);
insert into `diner`.`product` (id, description, price, celiac_allowed, active, subcategory_id) values (186, 'Colón Cabernet - Sauvignon', 36.50, false, true, 18);
insert into `diner`.`product` (id, description, price, celiac_allowed, active, subcategory_id) values (187, 'Colón Malbec', 36.50, false, true, 18);
insert into `diner`.`product` (id, description, price, celiac_allowed, active, subcategory_id) values (188, 'Colón Chardonnay', 36.50, false, true, 18);
insert into `diner`.`product` (id, description, price, celiac_allowed, active, subcategory_id) values (189, 'Chiappa Malbec Reserva', 70.00, false, true, 18);
insert into `diner`.`product` (id, description, price, celiac_allowed, active, subcategory_id) values (190, 'Chiappa Cabernet Sauvignon Reserva', 70.00, false, true, 18);
insert into `diner`.`product` (id, description, price, celiac_allowed, active, subcategory_id) values (191, 'Chiappa Malbec Clásico', 48.50, false, true, 18);
insert into `diner`.`product` (id, description, price, celiac_allowed, active, subcategory_id) values (192, 'Chiappa Cabernet Sauvignon Clásico', 48.50, false, true, 18);
insert into `diner`.`product` (id, description, price, celiac_allowed, active, subcategory_id) values (193, 'Chiappa Bonarda Bivarietal', 31.90, false, true, 18);
insert into `diner`.`product` (id, description, price, celiac_allowed, active, subcategory_id) values (194, 'Etchart Privado Torrontes', 35.50, false, true, 18);
insert into `diner`.`product` (id, description, price, celiac_allowed, active, subcategory_id) values (195, 'Estancia Mendoza Chardonnay Chenin', 27.50, false, true, 18);
insert into `diner`.`product` (id, description, price, celiac_allowed, active, subcategory_id) values (196, 'Estancia Mendoza Merlot - Malbec', 27.50, false, true, 18);
insert into `diner`.`product` (id, description, price, celiac_allowed, active, subcategory_id) values (197, 'Estancia Mendoza Cabernet Malbec', 27.50 , false, true, 18);
insert into `diner`.`product` (id, description, price, celiac_allowed, active, subcategory_id) values (198, 'Estancia Mendoza Malbec', 38.00 , false, true, 18);
insert into `diner`.`product` (id, description, price, celiac_allowed, active, subcategory_id) values (199, 'Estancia Mendoza Cabernet', 38.00 , false, true, 18);
insert into `diner`.`product` (id, description, price, celiac_allowed, active, subcategory_id) values (200, 'Estancia Mendoza Syrah', 38.00 , false, true, 18);
insert into `diner`.`product` (id, description, price, celiac_allowed, active, subcategory_id) values (201, 'Estancia Mendoza Chardonnay', 38.00 , false, true, 18);

commit;