START TRANSACTION;

insert into `diner`.`table` (id, description, active) values (1, 'MESA-1', true);
insert into `diner`.`table` (id, description, active) values (2, 'MESA-2', true);
insert into `diner`.`table` (id, description, active) values (3, 'MESA-3', true);
insert into `diner`.`table` (id, description, active) values (4, 'MESA-4', true);
insert into `diner`.`table` (id, description, active) values (5, 'MESA-5', true);

insert into `diner`.`category` (id, description, active) values (1, 'ENTRADAS', true);
insert into `diner`.`category` (id, description, active) values (2, 'CARNES', true);
insert into `diner`.`category` (id, description, active) values (3, 'MINUTAS', true);
insert into `diner`.`category` (id, description, active) values (4, 'PASTAS CASERAS', true);
insert into `diner`.`category` (id, description, active) values (5, 'ACOMPAÑAMIENTOS', true);
insert into `diner`.`category` (id, description, active) values (6, 'POSTRES', true);
insert into `diner`.`category` (id, description, active) values (7, 'BEBIDAS', true);

insert into `diner`.`subcategory` (id, description, active, category_id) values (1, 'EMBUTIDOS', true, 1);
insert into `diner`.`subcategory` (id, description, active, category_id) values (2, 'OTROS', true, 1);
insert into `diner`.`subcategory` (id, description, active, category_id) values (3, 'TERNERA', true, 2);
insert into `diner`.`subcategory` (id, description, active, category_id) values (4, 'CERDO', true, 2);
insert into `diner`.`subcategory` (id, description, active, category_id) values (5, 'POLLO', true, 2);
insert into `diner`.`subcategory` (id, description, active, category_id) values (6, 'MILANESAS', true, 3);
insert into `diner`.`subcategory` (id, description, active, category_id) values (7, 'TALLARINES AL HUEVO', true, 4);
insert into `diner`.`subcategory` (id, description, active, category_id) values (8, 'RAVIOLES, ÑOQUIS DE PAPA, CANELONES DE', true, 4);
insert into `diner`.`subcategory` (id, description, active, category_id) values (9, 'SORRENTINOS DE RICOTA Y JAMÓN', true, 4);
insert into `diner`.`subcategory` (id, description, active, category_id) values (10, 'ENSALADAS Y GUARNICIONES', true, 5);
insert into `diner`.`subcategory` (id, description, active, category_id) values (11, 'SANDWICHES', true, 5);
insert into `diner`.`subcategory` (id, description, active, category_id) values (12, 'CASEROS', true, 6);
insert into `diner`.`subcategory` (id, description, active, category_id) values (13, 'HELADOS', true, 6);
insert into `diner`.`subcategory` (id, description, active, category_id) values (14, 'SIN ALCOHOL', true, 7);
insert into `diner`.`subcategory` (id, description, active, category_id) values (15, 'CERVEZAS', true, 7);
insert into `diner`.`subcategory` (id, description, active, category_id) values (16, 'ESPUMANTES', true, 7);
insert into `diner`.`subcategory` (id, description, active, category_id) values (17, 'CAFETERIA', true, 7);
insert into `diner`.`subcategory` (id, description, active, category_id) values (18, 'VINOS', true, 7);

insert into `diner`.`product` (id, description, price, active, subcategory_id) values (1, 'TABLA DE FIAMBRES', 62.70, true, 1);
insert into `diner`.`product` (id, description, price, active, subcategory_id) values (2, 'FIAMBRE SURTIDO', 39.60, true, 1);
insert into `diner`.`product` (id, description, price, active, subcategory_id) values (3, 'SALAME DE LA COLONIA', 28.50, true, 1);
insert into `diner`.`product` (id, description, price, active, subcategory_id) values (4, 'JAMÓN CRUDO', 28.50, true, 1);
insert into `diner`.`product` (id, description, price, active, subcategory_id) values (5, 'MATAMBRE ARROLLADO CASERO', 29.60, true, 2);
insert into `diner`.`product` (id, description, price, active, subcategory_id) values (6, 'ARROLLADO DE POLLO CASERO', 29.60, true, 2);
insert into `diner`.`product` (id, description, price, active, subcategory_id) values (7, 'PORCIÓN DE QUESO', 18.60, true, 2);
insert into `diner`.`product` (id, description, price, active, subcategory_id) values (8, 'VITTEL TONNE', 19.70, true, 2);
insert into `diner`.`product` (id, description, price, active, subcategory_id) values (9, 'LENGUA A LA VINAGRETA', 17.50, true, 2);
insert into `diner`.`product` (id, description, price, active, subcategory_id) values (10, 'RABAS A LA ROMANA', 54.00, true, 2);
insert into `diner`.`product` (id, description, price, active, subcategory_id) values (11, 'RABAS A LA PROVENZAL', 59.50, true, 2);
insert into `diner`.`product` (id, description, price, active, subcategory_id) values (12, 'EMPANADAS CRIOLLAS', 7.00, true, 2);
insert into `diner`.`product` (id, description, price, active, subcategory_id) values (13, 'BIFE DE CHORIZO', 52.90, true, 3);
insert into `diner`.`product` (id, description, price, active, subcategory_id) values (14, 'BIFE DE CHORIZO COMPLETO', 65.90, true, 3);
insert into `diner`.`product` (id, description, price, active, subcategory_id) values (15, 'BIFE DE CHORIZO “LA PERLA”', 65.90, true, 3);
insert into `diner`.`product` (id, description, price, active, subcategory_id) values (16, 'BIFE CHORIZO CON CHAMPIGNON', 65.90, true, 3);
insert into `diner`.`product` (id, description, price, active, subcategory_id) values (17, 'BIFE DE CHORIZO A LA PIMIENTA', 69.50, true, 3);
insert into `diner`.`product` (id, description, price, active, subcategory_id) values (18, 'MEDALLÓN DE LOMO', 53.90, true, 3);
insert into `diner`.`product` (id, description, price, active, subcategory_id) values (19, 'MEDALLÓN DE LOMO COMPLETO', 67.00, true, 3);
insert into `diner`.`product` (id, description, price, active, subcategory_id) values (20, 'MEDALLÓN DE LOMO “LA PERLA”', 67.00, true, 3);
insert into `diner`.`product` (id, description, price, active, subcategory_id) values (21, 'MEDALLÓN DE LOMO C/ CHAMPIGNON', 67.00, true, 3);
insert into `diner`.`product` (id, description, price, active, subcategory_id) values (22, 'MEDALLÓN DE LOMO A LA PIMIENTA', 70.50, true, 3);
insert into `diner`.`product` (id, description, price, active, subcategory_id) values (23, 'ENTRECOTTE', 47.50, true, 3);
insert into `diner`.`product` (id, description, price, active, subcategory_id) values (24, 'ENTRECOTTE COMPLETO', 60.50, true, 3);
insert into `diner`.`product` (id, description, price, active, subcategory_id) values (25, 'ENTRECOTTE “LA PERLA”', 60.50, true, 3);
insert into `diner`.`product` (id, description, price, active, subcategory_id) values (26, 'ENTRECOTTE CON CHAMPIGNON', 60.50, true, 3);
insert into `diner`.`product` (id, description, price, active, subcategory_id) values (27, 'ENTRECOTTE A LA PIMIENTA', 63.70, true, 3);
insert into `diner`.`product` (id, description, price, active, subcategory_id) values (28, 'CHURRASCO DE CUADRIL', 32.00, true, 3);
insert into `diner`.`product` (id, description, price, active, subcategory_id) values (29, 'COSTELETITAS DE CERDO AL ANANÁ', 48.50, true, 4);
insert into `diner`.`product` (id, description, price, active, subcategory_id) values (30, 'COSTELETITAS DE CERDO A LA RIOJANA', 48.50, true, 4);
insert into `diner`.`product` (id, description, price, active, subcategory_id) values (31, '1/4 POLLO AL HORNO', 29.60, true, 5);
insert into `diner`.`product` (id, description, price, active, subcategory_id) values (32, 'PECHUGA DESHUESADA GRILLE', 31.80, true, 5);
insert into `diner`.`product` (id, description, price, active, subcategory_id) values (33, 'PECHUGA DESHUESADA AL CHAMPIGNON', 47.50, true, 5);
insert into `diner`.`product` (id, description, price, active, subcategory_id) values (34, 'PECHUGA DESHUESADA AL ROQUEFORT', 47.50, true, 5);
insert into `diner`.`product` (id, description, price, active, subcategory_id) values (35, 'PECHUGA DESHUESADA AL VERDEO', 47.50, true, 5);
insert into `diner`.`product` (id, description, price, active, subcategory_id) values (36, 'SUPREMA DE POLLO', 39.50, true, 5);
insert into `diner`.`product` (id, description, price, active, subcategory_id) values (37, 'SUPREMA NAPOLITANA', 52.70, true, 5);
insert into `diner`.`product` (id, description, price, active, subcategory_id) values (38, 'SUPREMA AL CHAMPIGNON', 52.70, true, 5);
insert into `diner`.`product` (id, description, price, active, subcategory_id) values (39, 'SUPREMA AL ROQUEFORT', 52.70, true, 5);
insert into `diner`.`product` (id, description, price, active, subcategory_id) values (40, 'SUPREMA FUGAZZETTA', 52.70, true, 5);
insert into `diner`.`product` (id, description, price, active, subcategory_id) values (41, 'SUPREMA AL ANANÁ', 52.70, true, 5);
insert into `diner`.`product` (id, description, price, active, subcategory_id) values (42, 'SUPREMA MARYLAND', 54.90, true, 5);
insert into `diner`.`product` (id, description, price, active, subcategory_id) values (43, 'SUPREMA “LA PERLA”', 54.90, true, 5);
insert into `diner`.`product` (id, description, price, active, subcategory_id) values (44, '1/2 POLLO DESHUESADO GRILLE', 50.50, true, 5);
insert into `diner`.`product` (id, description, price, active, subcategory_id) values (45, '1/2 DESHUESADO AL AJILLO', 63.70, true, 5);
insert into `diner`.`product` (id, description, price, active, subcategory_id) values (46, '1/2 DESHUESADO NAPOLITANO', 63.70, true, 5);
insert into `diner`.`product` (id, description, price, active, subcategory_id) values (47, '1/2 DESHUESADO AL CHAMPIGNON', 63.70, true, 5);
insert into `diner`.`product` (id, description, price, active, subcategory_id) values (48, '1/2 DESHUESADO AL ROQUEFORT', 63.70, true, 5);
insert into `diner`.`product` (id, description, price, active, subcategory_id) values (49, '1/2 DESHUESADO AL ANANÁ', 63.70, true, 5);
insert into `diner`.`product` (id, description, price, active, subcategory_id) values (50, '1/2 DESHUESADO AL VERDEO', 63.70, true, 5);
insert into `diner`.`product` (id, description, price, active, subcategory_id) values (51, 'MILANESA DE TERNERA', 32.90, true, 6);
insert into `diner`.`product` (id, description, price, active, subcategory_id) values (52, 'MILANESA COMPLETA', 47.20, true, 6);
insert into `diner`.`product` (id, description, price, active, subcategory_id) values (53, 'MILANESA NAPOLITANA', 41.70, true, 6);
insert into `diner`.`product` (id, description, price, active, subcategory_id) values (54, 'MILANESA FUGAZZETTA', 41.70, true, 6);
insert into `diner`.`product` (id, description, price, active, subcategory_id) values (55, 'MILANESA RELLENA C/JAMON Y QUESO', 41.70, true, 6);
insert into `diner`.`product` (id, description, price, active, subcategory_id) values (56, 'MILANESA RELLENA CON ROQUEFORT', 41.70, true, 6);
insert into `diner`.`product` (id, description, price, active, subcategory_id) values (57, 'MILANESA AL CHAMPIGNON', 41.70, true, 6);
insert into `diner`.`product` (id, description, price, active, subcategory_id) values (58, 'MILANESA MEDITERRANEA', 41.70, true, 6);
insert into `diner`.`product` (id, description, price, active, subcategory_id) values (59, 'MILANESA “LA PERLA”', 52.70, true, 6);
insert into `diner`.`product` (id, description, price, active, subcategory_id) values (60, 'Al Filetto', 30.70, true, 7);
insert into `diner`.`product` (id, description, price, active, subcategory_id) values (61, 'A La Parisién', 40.90, true, 7);
insert into `diner`.`product` (id, description, price, active, subcategory_id) values (62, 'A La Crema', 35.00, true, 7);
insert into `diner`.`product` (id, description, price, active, subcategory_id) values (63, 'Gran Caruso', 40.90, true, 7);
insert into `diner`.`product` (id, description, price, active, subcategory_id) values (64, 'Mixta', 35.00, true, 7);
insert into `diner`.`product` (id, description, price, active, subcategory_id) values (65, 'Príncipe De Nápoles', 40.90, true, 7);
insert into `diner`.`product` (id, description, price, active, subcategory_id) values (66, 'Blanca', 35.00, true, 7);
insert into `diner`.`product` (id, description, price, active, subcategory_id) values (67, 'A los cuatro quesos', 40.90, true, 7);
insert into `diner`.`product` (id, description, price, active, subcategory_id) values (68, 'Bolognesa', 36.50, true, 7);
insert into `diner`.`product` (id, description, price, active, subcategory_id) values (69, 'Al Filetto', 32.90, true, 8);
insert into `diner`.`product` (id, description, price, active, subcategory_id) values (70, 'A La Parisién', 42.80, true, 8);
insert into `diner`.`product` (id, description, price, active, subcategory_id) values (71, 'A La Crema', 37.50, true, 8);
insert into `diner`.`product` (id, description, price, active, subcategory_id) values (72, 'Gran Caruso', 42.80, true, 8);
insert into `diner`.`product` (id, description, price, active, subcategory_id) values (73, 'Mixta', 37.50, true, 8);
insert into `diner`.`product` (id, description, price, active, subcategory_id) values (74, 'Príncipe De Nápoles', 42.80, true, 8);
insert into `diner`.`product` (id, description, price, active, subcategory_id) values (75, 'Blanca', 37.50, true, 8);
insert into `diner`.`product` (id, description, price, active, subcategory_id) values (76, 'A los cuatro quesos', 42.80, true, 8);
insert into `diner`.`product` (id, description, price, active, subcategory_id) values (77, 'Bolognesa', 38.50, true, 8);
insert into `diner`.`product` (id, description, price, active, subcategory_id) values (78, 'Al Filetto', 36.50, true, 9);
insert into `diner`.`product` (id, description, price, active, subcategory_id) values (79, 'A La Parisién', 46.00, true, 9);
insert into `diner`.`product` (id, description, price, active, subcategory_id) values (80, 'A La Crema', 40.90, true, 9);
insert into `diner`.`product` (id, description, price, active, subcategory_id) values (81, 'Gran Caruso', 46.00, true, 9);
insert into `diner`.`product` (id, description, price, active, subcategory_id) values (82, 'Mixta', 40.90, true, 9);
insert into `diner`.`product` (id, description, price, active, subcategory_id) values (83, 'Príncipe De Nápoles', 46.00, true, 9);
insert into `diner`.`product` (id, description, price, active, subcategory_id) values (84, 'Blanca', 40.90, true, 9);
insert into `diner`.`product` (id, description, price, active, subcategory_id) values (85, 'A los cuatro quesos', 46.00, true, 9);
insert into `diner`.`product` (id, description, price, active, subcategory_id) values (86, 'Bolognesa', 41.90 , true, 9);
insert into `diner`.`product` (id, description, price, active, subcategory_id) values (87, 'ENSALADA LA PERLA', 28.90, true, 10);
insert into `diner`.`product` (id, description, price, active, subcategory_id) values (88, 'ENSALADA MIXTA ESPECIAL', 18.90, true, 10);
insert into `diner`.`product` (id, description, price, active, subcategory_id) values (89, 'ENSALADA MIXTA', 14.50, true, 10);
insert into `diner`.`product` (id, description, price, active, subcategory_id) values (90, 'ENSALADA RUSA', 14.50, true, 10);
insert into `diner`.`product` (id, description, price, active, subcategory_id) values (91, 'ENSALADA DE TOMATE', 14.50, true, 10);
insert into `diner`.`product` (id, description, price, active, subcategory_id) values (92, 'ENSALADA DE REMOLACHA', 14.50, true, 10);
insert into `diner`.`product` (id, description, price, active, subcategory_id) values (93, 'ENSALADA DE ZANAHORIA', 14.50, true, 10);
insert into `diner`.`product` (id, description, price, active, subcategory_id) values (94, 'ENSALADA DE ACHICORIA', 14.50, true, 10);
insert into `diner`.`product` (id, description, price, active, subcategory_id) values (95, 'ENSALADA DE LECHUGA', 14.50, true, 10);
insert into `diner`.`product` (id, description, price, active, subcategory_id) values (96, 'ENSALADA DE RUCULA CON QUESO PARMESSANO', 20.90, true, 10);
insert into `diner`.`product` (id, description, price, active, subcategory_id) values (97, 'PANACHE DE VERDURAS', 23.00, true, 10);
insert into `diner`.`product` (id, description, price, active, subcategory_id) values (98, 'PURÉ DE PAPAS', 14.50, true, 10);
insert into `diner`.`product` (id, description, price, active, subcategory_id) values (99, 'PURÉ DE CALABAZA O MIXTO', 14.50 , true, 10);
insert into `diner`.`product` (id, description, price, active, subcategory_id) values (100, 'PAPAS A LA CREMA', 19.90, true, 10);
insert into `diner`.`product` (id, description, price, active, subcategory_id) values (101, 'PAPAS FRITAS CON HUEVO REVUELTO', 19.90, true, 10);
insert into `diner`.`product` (id, description, price, active, subcategory_id) values (102, 'REVUELTO GRAMAJO', 24.00, true, 10);
insert into `diner`.`product` (id, description, price, active, subcategory_id) values (103, 'PAPAS FRITAS', 12.50, true, 10);
insert into `diner`.`product` (id, description, price, active, subcategory_id) values (104, 'PAPAS REJILLA', 13.90, true, 10);
insert into `diner`.`product` (id, description, price, active, subcategory_id) values (105, 'PAPAS NOISSETTE', 16.00, true, 10);
insert into `diner`.`product` (id, description, price, active, subcategory_id) values (106, 'LOMITO COMPLETO', 46.00, true, 11);
insert into `diner`.`product` (id, description, price, active, subcategory_id) values (107, 'LOMITO DE POLLO', 46.00, true, 11);
insert into `diner`.`product` (id, description, price, active, subcategory_id) values (108, 'FLAN CASERO', 14.50, true, 12);
insert into `diner`.`product` (id, description, price, active, subcategory_id) values (109, 'BUDÍN DE PAN CASERO', 15.90, true, 12);
insert into `diner`.`product` (id, description, price, active, subcategory_id) values (110, 'ZINGARELLA CASERA', 16.90, true, 12);
insert into `diner`.`product` (id, description, price, active, subcategory_id) values (111, 'ENSALADA DE FRUTAS', 16.50, true, 12);
insert into `diner`.`product` (id, description, price, active, subcategory_id) values (112, 'ENSALADA DE FRUTAS CON BOCHA DE HELADO', 20.90, true, 12);
insert into `diner`.`product` (id, description, price, active, subcategory_id) values (113, 'DURAZNOS EN ALMÍBAR', 15.50, true, 12);
insert into `diner`.`product` (id, description, price, active, subcategory_id) values (114, 'ZAPALLO EN ALMÍBAR', 15.50, true, 12);
insert into `diner`.`product` (id, description, price, active, subcategory_id) values (115, 'HIGOS EN ALMÍBAR', 15.50, true, 12);
insert into `diner`.`product` (id, description, price, active, subcategory_id) values (116, 'BACLAWA', 17.50, true, 12);
insert into `diner`.`product` (id, description, price, active, subcategory_id) values (117, 'STRUDEL ', 18.60, true, 12);
insert into `diner`.`product` (id, description, price, active, subcategory_id) values (118, 'MOUSE DE CHOCOLATE', 18.60, true, 12);
insert into `diner`.`product` (id, description, price, active, subcategory_id) values (119, 'BROWNIE CON HELADO DE CREMA', 18.90, true, 12);
insert into `diner`.`product` (id, description, price, active, subcategory_id) values (120, 'TIRAMISU', 20.90, true, 12);
insert into `diner`.`product` (id, description, price, active, subcategory_id) values (121, 'PORCIÓN CHANTILLÍ O DULCE/LECHE', 6.50, true, 12);
insert into `diner`.`product` (id, description, price, active, subcategory_id) values (122, 'HELADO EN BOCHAS', 15.50, true, 13);
insert into `diner`.`product` (id, description, price, active, subcategory_id) values (123, 'ALMENDRADO HELADO', 15.50, true, 13);
insert into `diner`.`product` (id, description, price, active, subcategory_id) values (124, 'BOMBÓN SUIZO', 15.50, true, 13);
insert into `diner`.`product` (id, description, price, active, subcategory_id) values (125, 'BOMBÓN ESCOCÉS', 16.50, true, 13);
insert into `diner`.`product` (id, description, price, active, subcategory_id) values (126, 'CHARLOTTE ', 19.90, true, 13);
insert into `diner`.`product` (id, description, price, active, subcategory_id) values (127, 'COPA HELADA “LA PERLA”', 25.00, true, 13);
insert into `diner`.`product` (id, description, price, active, subcategory_id) values (128, 'DON PEDRO C/HELADO CREMA', 26.50, true, 13);
insert into `diner`.`product` (id, description, price, active, subcategory_id) values (129, 'AGUA MINERAL GASIFICADA ', 12.00, true, 14);
insert into `diner`.`product` (id, description, price, active, subcategory_id) values (130, 'AGUA MINERAL ', 12.00, true, 14);
insert into `diner`.`product` (id, description, price, active, subcategory_id) values (131, 'GASEOSA CHICA ', 12.00, true, 14);
insert into `diner`.`product` (id, description, price, active, subcategory_id) values (132, 'AGUA SABORIZADA ', 13.50, true, 14);
insert into `diner`.`product` (id, description, price, active, subcategory_id) values (133, 'GASEOSA GRANDE ', 25.00, true, 14);
insert into `diner`.`product` (id, description, price, active, subcategory_id) values (134, 'JUGO DE NARANJA', 16.50, true, 14);
insert into `diner`.`product` (id, description, price, active, subcategory_id) values (135, 'CERVEZA QUILMES BOCA ANCHA ', 14.50, true, 15);
insert into `diner`.`product` (id, description, price, active, subcategory_id) values (136, 'CERVEZA QUILMES ', 25.50, true, 15);
insert into `diner`.`product` (id, description, price, active, subcategory_id) values (137, 'CERVEZA IGUANA ', 31.00, true, 15);
insert into `diner`.`product` (id, description, price, active, subcategory_id) values (138, 'CERVEZA ESTELA ARTOIS ', 38.50, true, 15);
insert into `diner`.`product` (id, description, price, active, subcategory_id) values (139, 'CHAMPAGNE CHANDON EXTRA BRUT', 108.90, true, 16);
insert into `diner`.`product` (id, description, price, active, subcategory_id) values (140, 'CHAMPAGNE CHANDON BABY ', 33.00, true, 16);
insert into `diner`.`product` (id, description, price, active, subcategory_id) values (141, 'CHAMPAGNE MERCIER', 60.50, true, 16);
insert into `diner`.`product` (id, description, price, active, subcategory_id) values (142, 'NEW AGE ', 54.00, true, 16);
insert into `diner`.`product` (id, description, price, active, subcategory_id) values (143, 'WHISKY CHIVAS', 45.00, true, 16);
insert into `diner`.`product` (id, description, price, active, subcategory_id) values (144, 'WHISKY BLENDERS', 25.00, true, 16);
insert into `diner`.`product` (id, description, price, active, subcategory_id) values (145, 'FERNET BRANCA ', 18.00, true, 16);
insert into `diner`.`product` (id, description, price, active, subcategory_id) values (146, 'CAMPARI ', 30.00, true, 16);
insert into `diner`.`product` (id, description, price, active, subcategory_id) values (147, 'CINZANO', 24.50, true, 16);
insert into `diner`.`product` (id, description, price, active, subcategory_id) values (148, 'GANCIA', 24.50, true, 16);
insert into `diner`.`product` (id, description, price, active, subcategory_id) values (149, 'CAFÉ O CORTADO', 9.90, true, 17);
insert into `diner`.`product` (id, description, price, active, subcategory_id) values (150, 'CAFÉ DOBLE', 13.90, true, 17);
insert into `diner`.`product` (id, description, price, active, subcategory_id) values (151, 'CAFÉ CON CREMA', 13.90, true, 17);
insert into `diner`.`product` (id, description, price, active, subcategory_id) values (152, 'TE O TE DIGESTIVOS', 9.908/9, true, 17);
insert into `diner`.`product` (id, description, price, active, subcategory_id) values (153, 'LUIGI BOSCA Malbec Reserva', 154.00, true, 17);
insert into `diner`.`product` (id, description, price, active, subcategory_id) values (154, 'FINCA LA LINDA Cabernet Sauvignon', 86.90, true, 17);
insert into `diner`.`product` (id, description, price, active, subcategory_id) values (155, 'FINCA LA LINDA Malbec', 86.90, true, 17);
insert into `diner`.`product` (id, description, price, active, subcategory_id) values (156, 'FINCA LA LINDA Chardonnay', 86.90, true, 17);
insert into `diner`.`product` (id, description, price, active, subcategory_id) values (157, 'CATENA ZAPATA D.V. Cabernet Malbec', 132.00, true, 17);
insert into `diner`.`product` (id, description, price, active, subcategory_id) values (158, 'ALAMO Malbec', 67.00, true, 17);
insert into `diner`.`product` (id, description, price, active, subcategory_id) values (159, 'ALAMO Cabernet', 67.00, true, 17);
insert into `diner`.`product` (id, description, price, active, subcategory_id) values (160, 'UXMAL Cabernet', 49.50, true, 17);
insert into `diner`.`product` (id, description, price, active, subcategory_id) values (161, 'UXMAL Malbec', 49.50, true, 17);
insert into `diner`.`product` (id, description, price, active, subcategory_id) values (162, 'UXMAL Sauvignon Blanc', 49.50, true, 17);
insert into `diner`.`product` (id, description, price, active, subcategory_id) values (163, 'ESTIBA I Cabernet', 38.50, true, 17);
insert into `diner`.`product` (id, description, price, active, subcategory_id) values (164, 'ESTIBA I Malbec', 38.50, true, 17);
insert into `diner`.`product` (id, description, price, active, subcategory_id) values (165, 'ALAMBRADO Malbec', 69.90, true, 17);
insert into `diner`.`product` (id, description, price, active, subcategory_id) values (166, 'ALAMBRADO Cabernet Sauvignon', 69.90, true, 17);
insert into `diner`.`product` (id, description, price, active, subcategory_id) values (167, 'FUZION ALTA Malbec', 55.00, true, 17);
insert into `diner`.`product` (id, description, price, active, subcategory_id) values (168, 'FUZION ALTA Cabernet Sauvignon', 55.00, true, 17);
insert into `diner`.`product` (id, description, price, active, subcategory_id) values (169, 'SANTA JULIA RESERVA Malbec', 58.00, true, 17);
insert into `diner`.`product` (id, description, price, active, subcategory_id) values (170, 'SANTA JULIA RESERVA Tempranillo', 58.00, true, 17);
insert into `diner`.`product` (id, description, price, active, subcategory_id) values (171, 'SANTA JULIA VARIETAL Malbec $ 31.00', 46.50, true, 17);
insert into `diner`.`product` (id, description, price, active, subcategory_id) values (172, 'SANTA JULIA VARIETAL Cabernet Sauvignon', 46.50, true, 17);
insert into `diner`.`product` (id, description, price, active, subcategory_id) values (173, 'SANTA JULIA VARIETAL Syrah', 46.50, true, 17);
insert into `diner`.`product` (id, description, price, active, subcategory_id) values (174, 'SANTA JULIA VARIETAL Chardonnay', 46.50, true, 17);
insert into `diner`.`product` (id, description, price, active, subcategory_id) values (175, 'CONTE DE VALMONT Tinto $ 36.50', 52.90, true, 17);
insert into `diner`.`product` (id, description, price, active, subcategory_id) values (176, 'LATITUD 33 Malbec', 61.50, true, 17);
insert into `diner`.`product` (id, description, price, active, subcategory_id) values (177, 'LATITUD 33 Cabernet Sauvignon', 61.50, true, 17);
insert into `diner`.`product` (id, description, price, active, subcategory_id) values (178, 'CASTEL CHANDON . . . . . Blanco', 42.90, true, 17);
insert into `diner`.`product` (id, description, price, active, subcategory_id) values (179, 'LOPEZ Tinto $ 30.90', 49.50, true, 17);
insert into `diner`.`product` (id, description, price, active, subcategory_id) values (180, 'LOPEZ Blanco $ 30.90', 49.50, true, 17);
insert into `diner`.`product` (id, description, price, active, subcategory_id) values (181, 'SAN FELIPE Tinto $ 26.50', 41.90, true, 17);
insert into `diner`.`product` (id, description, price, active, subcategory_id) values (182, 'SAN FELIPE Blanco $ 26.50', 41.90, true, 17);
insert into `diner`.`product` (id, description, price, active, subcategory_id) values (183, 'NORTON Clasico Tinto $ 24.90', 37.50, true, 17);
insert into `diner`.`product` (id, description, price, active, subcategory_id) values (184, 'NORTON Clasico Chardonnay', 37.50, true, 17);
insert into `diner`.`product` (id, description, price, active, subcategory_id) values (185, 'COLON Borgoña O Chablis', 28.50, true, 17);
insert into `diner`.`product` (id, description, price, active, subcategory_id) values (186, 'COLON Cabernet - Sauvignon $ 23.00', 36.50, true, 17);
insert into `diner`.`product` (id, description, price, active, subcategory_id) values (187, 'COLON Malbec', 36.50, true, 17);
insert into `diner`.`product` (id, description, price, active, subcategory_id) values (188, 'COLON Chardonnay', 36.50, true, 17);
insert into `diner`.`product` (id, description, price, active, subcategory_id) values (189, 'CHIAPPA Malbec Reserva', 70.00, true, 17);
insert into `diner`.`product` (id, description, price, active, subcategory_id) values (190, 'CHIAPPA Cabernet Sauvignon Reserva', 70.00, true, 17);
insert into `diner`.`product` (id, description, price, active, subcategory_id) values (191, 'CHIAPPA Malbec Clasico', 48.50, true, 17);
insert into `diner`.`product` (id, description, price, active, subcategory_id) values (192, 'CHIAPPA Cabernet Sauvignon Clasico', 48.50, true, 17);
insert into `diner`.`product` (id, description, price, active, subcategory_id) values (193, 'CHIAPPA Bonarda Bivarietal $ 20.90', 31.90, true, 17);
insert into `diner`.`product` (id, description, price, active, subcategory_id) values (194, 'ETCHART PRIVADO TORRONTÉS', 35.50, true, 17);
insert into `diner`.`product` (id, description, price, active, subcategory_id) values (195, 'ESTANCIA MDZA. CHARDONNAY CHENIN $ 20.90', 27.50, true, 17);
insert into `diner`.`product` (id, description, price, active, subcategory_id) values (196, 'ESTANCIA MDZA. MERLOT - MALBEC $ 20.90', 27.50, true, 17);
insert into `diner`.`product` (id, description, price, active, subcategory_id) values (197, 'ESTANCIA MDZA Cabernet Malbec', 27.50 , true, 17);
insert into `diner`.`product` (id, description, price, active, subcategory_id) values (198, 'ESTANCIA MDZA Malbec', 38.00 , true, 17);
insert into `diner`.`product` (id, description, price, active, subcategory_id) values (199, 'ESTANCIA MDZA Cabernet', 38.00 , true, 17);
insert into `diner`.`product` (id, description, price, active, subcategory_id) values (200, 'ESTANCIA MDZA Syrah', 38.00 , true, 17);
insert into `diner`.`product` (id, description, price, active, subcategory_id) values (201, 'ESTANCIA MDZA Chardonnay', 38.00 , true, 17);

COMMIT;