START TRANSACTION;

insert into `diner`.`parameter` (id, restaurant_name, dinner_service_price, dinner_service_active) values (1, 'La Bisteca', 12.00, true);

insert into `diner`.`waiter` (id, name, surname, active) values (1, 'Carlos', 'Rodriguez', true);
insert into `diner`.`waiter` (id, name, surname, active) values (2, 'Roberto', 'Fernandez', true);

insert into `diner`.`device` (id, waiter_id, registration_id) values ('00B0D086BBF7', 1,'66666666666');

insert into `diner`.`order_detail_state` (id, description) values (1, 'Nuevo');
insert into `diner`.`order_detail_state` (id, description) values (2, 'Solicitado');
insert into `diner`.`order_detail_state` (id, description) values (3, 'Iniciado');
insert into `diner`.`order_detail_state` (id, description) values (4, 'Finalizado');
insert into `diner`.`order_detail_state` (id, description) values (5, 'Entregado');

insert into `diner`.`order_state` (id, description) values (1, 'Abierta');
insert into `diner`.`order_state` (id, description) values (2, 'Cerrada');
insert into `diner`.`order_state` (id, description) values (3, 'Facturada');

insert into `diner`.`table_state` (id, description) values (1, 'Disponible');
insert into `diner`.`table_state` (id, description) values (2, 'Abierta');

insert into `diner`.`payment_media` (id, description) values (1, 'Tarjeta de Debito');
insert into `diner`.`payment_media` (id, description) values (2, 'Tarjeta de Credito');
insert into `diner`.`payment_media` (id, description) values (3, 'Efectivo');

insert into `diner`.`table` (id, state_id, waiter_id, length, width, active) values (1, 1, null, 2, 1, true);
insert into `diner`.`table` (id, state_id, waiter_id, length, width, active) values (2, 1, null, 2, 1, true);
insert into `diner`.`table` (id, state_id, waiter_id, length, width, active) values (3, 1, null, 2, 1, true);
insert into `diner`.`table` (id, state_id, waiter_id, length, width, active) values (4, 2, 2, 2, 1, true);
insert into `diner`.`table` (id, state_id, waiter_id, length, width, active) values (5, 1, null, 2, 1, true);
insert into `diner`.`table` (id, state_id, waiter_id, length, width, active) values (6, 2, 2, 1, 1, true);
insert into `diner`.`table` (id, state_id, waiter_id, length, width, active) values (7, 1, null, 1, 1, true);
insert into `diner`.`table` (id, state_id, waiter_id, length, width, active) values (8, 1, null, 1, 1, true);
insert into `diner`.`table` (id, state_id, waiter_id, length, width, active) values (9, 1, null, 1, 1, true);
insert into `diner`.`table` (id, state_id, waiter_id, length, width, active) values (10, 1, null, 1, 1, true);
insert into `diner`.`table` (id, state_id, waiter_id, length, width, active) values (11, 1, null, 2, 1, true);
insert into `diner`.`table` (id, state_id, waiter_id, length, width, active) values (12, 1, null, 2, 1, true);
insert into `diner`.`table` (id, state_id, waiter_id, length, width, active) values (13, 1, null, 2, 1, true);
insert into `diner`.`table` (id, state_id, waiter_id, length, width, active) values (14, 1, null, 1, 1, true);

insert into `diner`.`floor` (id, floor, length, width, active) values (1, 1, 15, 10, true);

insert into `diner`.`floor_table` (id, floor_id, table_id) values (1, 1, 1);
insert into `diner`.`floor_table` (id, floor_id, table_id) values (2, 1, 2);
insert into `diner`.`floor_table` (id, floor_id, table_id) values (3, 1, 3);
insert into `diner`.`floor_table` (id, floor_id, table_id) values (4, 1, 4);
insert into `diner`.`floor_table` (id, floor_id, table_id) values (5, 1, 5);
insert into `diner`.`floor_table` (id, floor_id, table_id) values (6, 1, 6);
insert into `diner`.`floor_table` (id, floor_id, table_id) values (7, 1, 7);
insert into `diner`.`floor_table` (id, floor_id, table_id) values (8, 1, 8);
insert into `diner`.`floor_table` (id, floor_id, table_id) values (9, 1, 9);
insert into `diner`.`floor_table` (id, floor_id, table_id) values (10, 1, 10);
insert into `diner`.`floor_table` (id, floor_id, table_id) values (11, 1, 11);
insert into `diner`.`floor_table` (id, floor_id, table_id) values (12, 1, 12);
insert into `diner`.`floor_table` (id, floor_id, table_id) values (13, 1, 13);
insert into `diner`.`floor_table` (id, floor_id, table_id) values (14, 1, 14);

insert into `diner`.`table_layout` (id, floor_id, `row`, `column`, table_id) values (1, 1, 1, 1, 1);
insert into `diner`.`table_layout` (id, floor_id, `row`, `column`, table_id) values (2, 1, 1, 2, 1);
insert into `diner`.`table_layout` (id, floor_id, `row`, `column`, table_id) values (3, 1, 4, 1, 2);
insert into `diner`.`table_layout` (id, floor_id, `row`, `column`, table_id) values (4, 1, 4, 2, 2);
insert into `diner`.`table_layout` (id, floor_id, `row`, `column`, table_id) values (5, 1, 7, 1, 3);
insert into `diner`.`table_layout` (id, floor_id, `row`, `column`, table_id) values (6, 1, 7, 2, 3);
insert into `diner`.`table_layout` (id, floor_id, `row`, `column`, table_id) values (7, 1, 10, 1, 4);
insert into `diner`.`table_layout` (id, floor_id, `row`, `column`, table_id) values (8, 1, 10, 2, 4);
insert into `diner`.`table_layout` (id, floor_id, `row`, `column`, table_id) values (9, 1, 13, 1, 5);
insert into `diner`.`table_layout` (id, floor_id, `row`, `column`, table_id) values (10, 1, 13, 2, 5);
insert into `diner`.`table_layout` (id, floor_id, `row`, `column`, table_id) values (11, 1, 1, 5, 6);
insert into `diner`.`table_layout` (id, floor_id, `row`, `column`, table_id) values (12, 1, 4, 5, 7);
insert into `diner`.`table_layout` (id, floor_id, `row`, `column`, table_id) values (13, 1, 7, 5, 8);
insert into `diner`.`table_layout` (id, floor_id, `row`, `column`, table_id) values (14, 1, 10, 5, 9);
insert into `diner`.`table_layout` (id, floor_id, `row`, `column`, table_id) values (15, 1, 13, 5, 10);
insert into `diner`.`table_layout` (id, floor_id, `row`, `column`, table_id) values (16, 1, 1, 8, 11);
insert into `diner`.`table_layout` (id, floor_id, `row`, `column`, table_id) values (17, 1, 2, 8, 11);
insert into `diner`.`table_layout` (id, floor_id, `row`, `column`, table_id) values (18, 1, 5, 8, 12);
insert into `diner`.`table_layout` (id, floor_id, `row`, `column`, table_id) values (19, 1, 6, 8, 12);
insert into `diner`.`table_layout` (id, floor_id, `row`, `column`, table_id) values (20, 1, 9, 8, 13);
insert into `diner`.`table_layout` (id, floor_id, `row`, `column`, table_id) values (21, 1, 10, 8, 13);
insert into `diner`.`table_layout` (id, floor_id, `row`, `column`, table_id) values (22, 1, 13, 8, 14);

insert into `diner`.`category` (id, description, active) values (1, 'Entradas', true);
insert into `diner`.`category` (id, description, active) values (2, 'Carnes', true);
insert into `diner`.`category` (id, description, active) values (3, 'Minutas', true);
insert into `diner`.`category` (id, description, active) values (4, 'Pastas Caseras', true);
insert into `diner`.`category` (id, description, active) values (5, 'Acompañamientos', true);
insert into `diner`.`category` (id, description, active) values (6, 'Postres', true);
insert into `diner`.`category` (id, description, active) values (7, 'Bebidas', true);

insert into `diner`.`subcategory` (id, description, active, category_id) values (1, 'Embutidos', true, 1);
insert into `diner`.`subcategory` (id, description, active, category_id) values (2, 'Otros', true, 1);
insert into `diner`.`subcategory` (id, description, active, category_id) values (3, 'Ternera', true, 2);
insert into `diner`.`subcategory` (id, description, active, category_id) values (4, 'Cerdo', true, 2);
insert into `diner`.`subcategory` (id, description, active, category_id) values (5, 'Pollo', true, 2);
insert into `diner`.`subcategory` (id, description, active, category_id) values (6, 'Milanesas', true, 3);
insert into `diner`.`subcategory` (id, description, active, category_id) values (7, 'Tallarines al Huevo', true, 4);
insert into `diner`.`subcategory` (id, description, active, category_id) values (8, 'Ravioles', true, 4);
insert into `diner`.`subcategory` (id, description, active, category_id) values (9, 'Sorrentinos', true, 4);
insert into `diner`.`subcategory` (id, description, active, category_id) values (10, 'Ensaladas y Guarniciones', true, 5);
insert into `diner`.`subcategory` (id, description, active, category_id) values (11, 'Sandwiches', true, 5);
insert into `diner`.`subcategory` (id, description, active, category_id) values (12, 'Caseros', true, 6);
insert into `diner`.`subcategory` (id, description, active, category_id) values (13, 'Helados', true, 6);
insert into `diner`.`subcategory` (id, description, active, category_id) values (14, 'Sin alcohol', true, 7);
insert into `diner`.`subcategory` (id, description, active, category_id) values (15, 'Cervezas', true, 7);
insert into `diner`.`subcategory` (id, description, active, category_id) values (16, 'Espumantes', true, 7);
insert into `diner`.`subcategory` (id, description, active, category_id) values (17, 'Cafetería', true, 7);
insert into `diner`.`subcategory` (id, description, active, category_id) values (18, 'Vinos', true, 7);

insert into `diner`.`product` (id, description, price, celiac_allowed, kitchen, active, subcategory_id, stock) values (1, 'Tabla de Fiambres', 62.70, false, true, true, 1, true);
insert into `diner`.`product` (id, description, price, celiac_allowed, kitchen, active, subcategory_id, stock) values (2, 'Fiambre Surtido', 39.60, false, true, true, 1, true);
insert into `diner`.`product` (id, description, price, celiac_allowed, kitchen, active, subcategory_id, stock) values (3, 'Salame de la Colonia', 28.50, false, true, true, 1, true);
insert into `diner`.`product` (id, description, price, celiac_allowed, kitchen, active, subcategory_id, stock) values (4, 'Jamón Crudo', 28.50, false, true, true, 1, true);
insert into `diner`.`product` (id, description, price, celiac_allowed, kitchen, active, subcategory_id, stock) values (5, 'Matambre Arrollado Casero', 29.60, false, true, true, 2, true);
insert into `diner`.`product` (id, description, price, celiac_allowed, kitchen, active, subcategory_id, stock) values (6, 'Arrollado de Pollo Casero', 29.60, false, true, true, 2, true);
insert into `diner`.`product` (id, description, price, celiac_allowed, kitchen, active, subcategory_id, stock) values (7, 'Porción de Queso', 18.60, false, true, true, 2, true);
insert into `diner`.`product` (id, description, price, celiac_allowed, kitchen, active, subcategory_id, stock) values (8, 'Vittel Tonne', 19.70, false, true, true, 2, true);
insert into `diner`.`product` (id, description, price, celiac_allowed, kitchen, active, subcategory_id, stock) values (9, 'Lengua a la Vinagreta', 17.50, false, true, true, 2, true);
insert into `diner`.`product` (id, description, price, celiac_allowed, kitchen, active, subcategory_id, stock) values (10, 'Rabas a la Romana', 54.00, false, true, true, 2, true);
insert into `diner`.`product` (id, description, price, celiac_allowed, kitchen, active, subcategory_id, stock) values (11, 'Rabas a la Provenzal', 59.50, false, true, true, 2, true);
insert into `diner`.`product` (id, description, price, celiac_allowed, kitchen, active, subcategory_id, stock) values (12, 'Empanadas Criollas', 7.00, false, true, true, 2, true);
insert into `diner`.`product` (id, description, price, celiac_allowed, kitchen, active, subcategory_id, stock) values (13, 'Bife de Chorizo', 52.90, false, true, true, 3, true);
insert into `diner`.`product` (id, description, price, celiac_allowed, kitchen, active, subcategory_id, stock) values (14, 'Bife de Chorizo Completo', 65.90, false, true, true, 3, true);
insert into `diner`.`product` (id, description, price, celiac_allowed, kitchen, active, subcategory_id, stock) values (15, 'Bife de Chorizo “La Perla”', 65.90, false, true, true, 3, true);
insert into `diner`.`product` (id, description, price, celiac_allowed, kitchen, active, subcategory_id, stock) values (16, 'Bife de Chorizo con Champignon', 65.90, false, true, true, 3, true);
insert into `diner`.`product` (id, description, price, celiac_allowed, kitchen, active, subcategory_id, stock) values (17, 'Bife de Chorizo a la Pimienta', 69.50, false, true, true, 3, true);
insert into `diner`.`product` (id, description, price, celiac_allowed, kitchen, active, subcategory_id, stock) values (18, 'Medallón de Lomo', 53.90, false, true, true, 3, true);
insert into `diner`.`product` (id, description, price, celiac_allowed, kitchen, active, subcategory_id, stock) values (19, 'Medallón de Lomo completo', 67.00, false, true, true, 3, true);
insert into `diner`.`product` (id, description, price, celiac_allowed, kitchen, active, subcategory_id, stock) values (20, 'Medallón de Lomo “La Perla”', 67.00, false, true, true, 3, true);
insert into `diner`.`product` (id, description, price, celiac_allowed, kitchen, active, subcategory_id, stock) values (21, 'Medallón de Lomo c/ Champignon', 67.00, false, true, true, 3, true);
insert into `diner`.`product` (id, description, price, celiac_allowed, kitchen, active, subcategory_id, stock) values (22, 'Medallón de Lomo a la Pimienta', 70.50, false, true, true, 3, true);
insert into `diner`.`product` (id, description, price, celiac_allowed, kitchen, active, subcategory_id, stock) values (23, 'Bife de Chorizo Deshuesado', 47.50, false, true, true, 3, true);
insert into `diner`.`product` (id, description, price, celiac_allowed, kitchen, active, subcategory_id, stock) values (24, 'Bife de Chorizo Deshuesado Completo', 60.50, false, true, true, 3, true);
insert into `diner`.`product` (id, description, price, celiac_allowed, kitchen, active, subcategory_id, stock) values (25, 'Bife de Chorizo Deshuesado “La Perla”', 60.50, false, true, true, 3, true);
insert into `diner`.`product` (id, description, price, celiac_allowed, kitchen, active, subcategory_id, stock) values (26, 'Bife de Chorizo Deshuesado con Champignon', 60.50, false, true, true, 3, true);
insert into `diner`.`product` (id, description, price, celiac_allowed, kitchen, active, subcategory_id, stock) values (27, 'Bife de Chorizo Deshuesado a la Pimienta', 63.70, false, true, true, 3, true);
insert into `diner`.`product` (id, description, price, celiac_allowed, kitchen, active, subcategory_id, stock) values (28, 'Churrasco de Cuadril', 32.00, false, true, true, 3, true);
insert into `diner`.`product` (id, description, price, celiac_allowed, kitchen, active, subcategory_id, stock) values (29, 'Costeletitas de Cerdo al Ananá', 48.50, false, true, true, 4, true);
insert into `diner`.`product` (id, description, price, celiac_allowed, kitchen, active, subcategory_id, stock) values (30, 'Costeletitas de Cerdo a la Riojana', 48.50, false, true, true, 4, true);
insert into `diner`.`product` (id, description, price, celiac_allowed, kitchen, active, subcategory_id, stock) values (31, '1/4 Pollo al Horno', 29.60, false, true, true, 5, true);
insert into `diner`.`product` (id, description, price, celiac_allowed, kitchen, active, subcategory_id, stock) values (32, 'Pechuga Deshuesada Grille', 31.80, false, true, true, 5, true);
insert into `diner`.`product` (id, description, price, celiac_allowed, kitchen, active, subcategory_id, stock) values (33, 'Pechuga Deshuesada al Champignon', 47.50, false, true, true, 5, true);
insert into `diner`.`product` (id, description, price, celiac_allowed, kitchen, active, subcategory_id, stock) values (34, 'Pechuga Deshuesada al Roquefort', 47.50, false, true, true, 5, true);
insert into `diner`.`product` (id, description, price, celiac_allowed, kitchen, active, subcategory_id, stock) values (35, 'Pechuga Deshuesada al Verdeo', 47.50, false, true, true, 5, true);
insert into `diner`.`product` (id, description, price, celiac_allowed, kitchen, active, subcategory_id, stock) values (36, 'Suprema de Pollo', 39.50, false, true, true, 5, true);
insert into `diner`.`product` (id, description, price, celiac_allowed, kitchen, active, subcategory_id, stock) values (37, 'Suprema Napolitana', 52.70, false, true, true, 5, true);
insert into `diner`.`product` (id, description, price, celiac_allowed, kitchen, active, subcategory_id, stock) values (38, 'Suprema al Champignon', 52.70, false, true, true, 5, true);
insert into `diner`.`product` (id, description, price, celiac_allowed, kitchen, active, subcategory_id, stock) values (39, 'Suprema al Roquefort', 52.70, false, true, true, 5, true);
insert into `diner`.`product` (id, description, price, celiac_allowed, kitchen, active, subcategory_id, stock) values (40, 'Suprema Fugazzetta', 52.70, false, true, true, 5, true);
insert into `diner`.`product` (id, description, price, celiac_allowed, kitchen, active, subcategory_id, stock) values (41, 'Suprema al Ananá', 52.70, false, true, true, 5, true);
insert into `diner`.`product` (id, description, price, celiac_allowed, kitchen, active, subcategory_id, stock) values (42, 'Suprema Maryland', 54.90, false, true, true, 5, true);
insert into `diner`.`product` (id, description, price, celiac_allowed, kitchen, active, subcategory_id, stock) values (43, 'Suprema “La Perla”', 54.90, false, true, true, 5, true);
insert into `diner`.`product` (id, description, price, celiac_allowed, kitchen, active, subcategory_id, stock) values (44, '1/2 Pollo Deshuesado Grille', 50.50, false, true, true, 5, true);
insert into `diner`.`product` (id, description, price, celiac_allowed, kitchen, active, subcategory_id, stock) values (45, '1/2 Pollo Deshuesado al Ajillo', 63.70, false, true, true, 5, true);
insert into `diner`.`product` (id, description, price, celiac_allowed, kitchen, active, subcategory_id, stock) values (46, '1/2 Pollo Deshuesado Napolitano', 63.70, false, true, true, 5, true);
insert into `diner`.`product` (id, description, price, celiac_allowed, kitchen, active, subcategory_id, stock) values (47, '1/2 Pollo Deshuesado al Champignon', 63.70, false, true, true, 5, true);
insert into `diner`.`product` (id, description, price, celiac_allowed, kitchen, active, subcategory_id, stock) values (48, '1/2 Pollo Deshuesado al Roquefort', 63.70, false, true, true, 5, true);
insert into `diner`.`product` (id, description, price, celiac_allowed, kitchen, active, subcategory_id, stock) values (49, '1/2 Pollo Deshuesado al Ananá', 63.70, false, true, true, 5, true);
insert into `diner`.`product` (id, description, price, celiac_allowed, kitchen, active, subcategory_id, stock) values (50, '1/2 Pollo Deshuesado al Verdeo', 63.70, false, true, true, 5, true);
insert into `diner`.`product` (id, description, price, celiac_allowed, kitchen, active, subcategory_id, stock) values (51, 'Milanesa de Ternera', 32.90, false, true, true, 6, true);
insert into `diner`.`product` (id, description, price, celiac_allowed, kitchen, active, subcategory_id, stock) values (52, 'Milanesa Completa', 47.20, false, true, true, 6, true);
insert into `diner`.`product` (id, description, price, celiac_allowed, kitchen, active, subcategory_id, stock) values (53, 'Milanesa Napolitana', 41.70, false, true, true, 6, true);
insert into `diner`.`product` (id, description, price, celiac_allowed, kitchen, active, subcategory_id, stock) values (54, 'Milanesa Fugazzetta', 41.70, false, true, true, 6, true);
insert into `diner`.`product` (id, description, price, celiac_allowed, kitchen, active, subcategory_id, stock) values (55, 'Milanesa Rellena c/Jamón y Queso', 41.70, false, true, true, 6, true);
insert into `diner`.`product` (id, description, price, celiac_allowed, kitchen, active, subcategory_id, stock) values (56, 'Milanesa Rellena con Roquefort', 41.70, false, true, true, 6, true);
insert into `diner`.`product` (id, description, price, celiac_allowed, kitchen, active, subcategory_id, stock) values (57, 'Milanesa al Champignon', 41.70, false, true, true, 6, true);
insert into `diner`.`product` (id, description, price, celiac_allowed, kitchen, active, subcategory_id, stock) values (58, 'Milanesa Mediterranea', 41.70, false, true, true, 6, true);
insert into `diner`.`product` (id, description, price, celiac_allowed, kitchen, active, subcategory_id, stock) values (59, 'Milanesa “La Perla”', 52.70, false, true, true, 6, true);
insert into `diner`.`product` (id, description, price, celiac_allowed, kitchen, active, subcategory_id, stock) values (60, 'Tallarines al Filetto', 30.70, false, true, true, 7, true);
insert into `diner`.`product` (id, description, price, celiac_allowed, kitchen, active, subcategory_id, stock) values (61, 'Tallarines a la Parisién', 40.90, false, true, true, 7, true);
insert into `diner`.`product` (id, description, price, celiac_allowed, kitchen, active, subcategory_id, stock) values (62, 'Tallarines a la Crema', 35.00, false, true, true, 7, true);
insert into `diner`.`product` (id, description, price, celiac_allowed, kitchen, active, subcategory_id, stock) values (63, 'Tallarines Gran Caruso', 40.90, false, true, true, 7, true);
insert into `diner`.`product` (id, description, price, celiac_allowed, kitchen, active, subcategory_id, stock) values (64, 'Tallarines Mixta', 35.00, false, true, true, 7, true);
insert into `diner`.`product` (id, description, price, celiac_allowed, kitchen, active, subcategory_id, stock) values (65, 'Tallarines Príncipe de Nápoles', 40.90, false, true, true, 7, true);
insert into `diner`.`product` (id, description, price, celiac_allowed, kitchen, active, subcategory_id, stock) values (66, 'Tallarines Salsa Blanca', 35.00, false, true, true, 7, true);
insert into `diner`.`product` (id, description, price, celiac_allowed, kitchen, active, subcategory_id, stock) values (67, 'Tallarines Cuatro Quesos', 40.90, false, true, true, 7, true);
insert into `diner`.`product` (id, description, price, celiac_allowed, kitchen, active, subcategory_id, stock) values (68, 'Tallarines Bolognesa', 36.50, false, true, true, 7, true);
insert into `diner`.`product` (id, description, price, celiac_allowed, kitchen, active, subcategory_id, stock) values (69, 'Ravioles al Filetto', 32.90, false, true, true, 8, true);
insert into `diner`.`product` (id, description, price, celiac_allowed, kitchen, active, subcategory_id, stock) values (70, 'Ravioles a la Parisién', 42.80, false, true, true, 8, true);
insert into `diner`.`product` (id, description, price, celiac_allowed, kitchen, active, subcategory_id, stock) values (71, 'Ravioles a la Crema', 37.50, false, true, true, 8, true);
insert into `diner`.`product` (id, description, price, celiac_allowed, kitchen, active, subcategory_id, stock) values (72, 'Ravioles Gran Caruso', 42.80, false, true, true, 8, true);
insert into `diner`.`product` (id, description, price, celiac_allowed, kitchen, active, subcategory_id, stock) values (73, 'Ravioles Mixta', 37.50, false, true, true, 8, true);
insert into `diner`.`product` (id, description, price, celiac_allowed, kitchen, active, subcategory_id, stock) values (74, 'Ravioles Príncipe de Nápoles', 42.80, false, true, true, 8, true);
insert into `diner`.`product` (id, description, price, celiac_allowed, kitchen, active, subcategory_id, stock) values (75, 'Ravioles Blanca', 37.50, false, true, true, 8, true);
insert into `diner`.`product` (id, description, price, celiac_allowed, kitchen, active, subcategory_id, stock) values (76, 'Ravioles a los Cuatro Quesos', 42.80, false, true, true, 8, true);
insert into `diner`.`product` (id, description, price, celiac_allowed, kitchen, active, subcategory_id, stock) values (77, 'Ravioles Bolognesa', 38.50, false, true, true, 8, true);
insert into `diner`.`product` (id, description, price, celiac_allowed, kitchen, active, subcategory_id, stock) values (78, 'Sorrentinos al Filetto', 36.50, false, true, true, 9, true);
insert into `diner`.`product` (id, description, price, celiac_allowed, kitchen, active, subcategory_id, stock) values (79, 'Sorrentinos a la Parisién', 46.00, false, true, true, 9, true);
insert into `diner`.`product` (id, description, price, celiac_allowed, kitchen, active, subcategory_id, stock) values (80, 'Sorrentinos a la Crema', 40.90, false, true, true, 9, true);
insert into `diner`.`product` (id, description, price, celiac_allowed, kitchen, active, subcategory_id, stock) values (81, 'Sorrentinos Gran Caruso', 46.00, false, true, true, 9, true);
insert into `diner`.`product` (id, description, price, celiac_allowed, kitchen, active, subcategory_id, stock) values (82, 'Sorrentinos Mixta', 40.90, false, true, true, 9, true);
insert into `diner`.`product` (id, description, price, celiac_allowed, kitchen, active, subcategory_id, stock) values (83, 'Sorrentinos Príncipe de Nápoles', 46.00, false, true, true, 9, true);
insert into `diner`.`product` (id, description, price, celiac_allowed, kitchen, active, subcategory_id, stock) values (84, 'Sorrentinos Blanca', 40.90, false, true, true, 9, true);
insert into `diner`.`product` (id, description, price, celiac_allowed, kitchen, active, subcategory_id, stock) values (85, 'Sorrentinos a los Cuatro Quesos', 46.00, false, true, true, 9, true);
insert into `diner`.`product` (id, description, price, celiac_allowed, kitchen, active, subcategory_id, stock) values (86, 'Sorrentinos Bolognesa', 41.90 , false, true, true, 9, true);
insert into `diner`.`product` (id, description, price, celiac_allowed, kitchen, active, subcategory_id, stock) values (87, 'Ensalada "La Perla"', 28.90, false, true, true, 10, true);
insert into `diner`.`product` (id, description, price, celiac_allowed, kitchen, active, subcategory_id, stock) values (88, 'Ensalada Mixta Especial', 18.90, false, true, true, 10, true);
insert into `diner`.`product` (id, description, price, celiac_allowed, kitchen, active, subcategory_id, stock) values (89, 'Ensalada Mixta', 14.50, false, true, true, 10, true);
insert into `diner`.`product` (id, description, price, celiac_allowed, kitchen, active, subcategory_id, stock) values (90, 'Ensalada Rusa', 14.50, false, true, true, 10, true);
insert into `diner`.`product` (id, description, price, celiac_allowed, kitchen, active, subcategory_id, stock) values (91, 'Ensalada de Tomate', 14.50, false, true, true, 10, true);
insert into `diner`.`product` (id, description, price, celiac_allowed, kitchen, active, subcategory_id, stock) values (92, 'Ensalada de Remolacha', 14.50, false, true, true, 10, true);
insert into `diner`.`product` (id, description, price, celiac_allowed, kitchen, active, subcategory_id, stock) values (93, 'Ensalada de Zanahoria', 14.50, false, true, true, 10, true);
insert into `diner`.`product` (id, description, price, celiac_allowed, kitchen, active, subcategory_id, stock) values (94, 'Ensalada de Achicoria', 14.50, false, true, true, 10, true);
insert into `diner`.`product` (id, description, price, celiac_allowed, kitchen, active, subcategory_id, stock) values (95, 'Ensalada de Lechuga', 14.50, false, true, true, 10, true);
insert into `diner`.`product` (id, description, price, celiac_allowed, kitchen, active, subcategory_id, stock) values (96, 'Ensalada de Rucula con Queso Parmessano', 20.90, false, true, true, 10, true);
insert into `diner`.`product` (id, description, price, celiac_allowed, kitchen, active, subcategory_id, stock) values (97, 'Panache de Verduras', 23.00, false, true, true, 10, true);
insert into `diner`.`product` (id, description, price, celiac_allowed, kitchen, active, subcategory_id, stock) values (98, 'Puré de Papas', 14.50, false, true, true, 10, true);
insert into `diner`.`product` (id, description, price, celiac_allowed, kitchen, active, subcategory_id, stock) values (99, 'Puré de Calabaza o Mixto', 14.50 , false, true, true, 10, true);
insert into `diner`.`product` (id, description, price, celiac_allowed, kitchen, active, subcategory_id, stock) values (100, 'Papas a la Crema', 19.90, false, true, true, 10, true);
insert into `diner`.`product` (id, description, price, celiac_allowed, kitchen, active, subcategory_id, stock) values (101, 'Papas Fritas con Huevo Revuelto', 19.90, false, true, true, 10, true);
insert into `diner`.`product` (id, description, price, celiac_allowed, kitchen, active, subcategory_id, stock) values (102, 'Revuelto Gramajo', 24.00, false, true, true, 10, true);
insert into `diner`.`product` (id, description, price, celiac_allowed, kitchen, active, subcategory_id, stock) values (103, 'Papas Fritas', 12.50, false, true, true, 10, true);
insert into `diner`.`product` (id, description, price, celiac_allowed, kitchen, active, subcategory_id, stock) values (104, 'Papas Rejilla', 13.90, false, true, true, 10, true);
insert into `diner`.`product` (id, description, price, celiac_allowed, kitchen, active, subcategory_id, stock) values (105, 'Papas Noissette', 16.00, false, true, true, 10, true);
insert into `diner`.`product` (id, description, price, celiac_allowed, kitchen, active, subcategory_id, stock) values (106, 'Lomito Completo', 46.00, false, true, true, 11, true);
insert into `diner`.`product` (id, description, price, celiac_allowed, kitchen, active, subcategory_id, stock) values (107, 'Lomito de Pollo', 46.00, false, true, true, 11, true);
insert into `diner`.`product` (id, description, price, celiac_allowed, kitchen, active, subcategory_id, stock) values (108, 'Flan Casero', 14.50, false, true, true, 12, true);
insert into `diner`.`product` (id, description, price, celiac_allowed, kitchen, active, subcategory_id, stock) values (109, 'Budín de Pan Casero', 15.90, false, true, true, 12, true);
insert into `diner`.`product` (id, description, price, celiac_allowed, kitchen, active, subcategory_id, stock) values (110, 'Zingarella Casera', 16.90, false, true, true, 12, true);
insert into `diner`.`product` (id, description, price, celiac_allowed, kitchen, active, subcategory_id, stock) values (111, 'Ensalada de Frutas', 16.50, false, true, true, 12, true);
insert into `diner`.`product` (id, description, price, celiac_allowed, kitchen, active, subcategory_id, stock) values (112, 'Ensalada de Frutas con Bocha de Helado', 20.90, false, true, true, 12, true);
insert into `diner`.`product` (id, description, price, celiac_allowed, kitchen, active, subcategory_id, stock) values (113, 'Duraznos en Almíbar', 15.50, false, true, true, 12, true);
insert into `diner`.`product` (id, description, price, celiac_allowed, kitchen, active, subcategory_id, stock) values (114, 'Zapallo en Almíbar', 15.50, false, true, true, 12, true);
insert into `diner`.`product` (id, description, price, celiac_allowed, kitchen, active, subcategory_id, stock) values (115, 'Higos en Almíbar', 15.50, false, true, true, 12, true);
insert into `diner`.`product` (id, description, price, celiac_allowed, kitchen, active, subcategory_id, stock) values (116, 'Baclawa', 17.50, false, true, true, 12, true);
insert into `diner`.`product` (id, description, price, celiac_allowed, kitchen, active, subcategory_id, stock) values (117, 'Strudel ', 18.60, false, true, true, 12, true);
insert into `diner`.`product` (id, description, price, celiac_allowed, kitchen, active, subcategory_id, stock) values (118, 'Mouse de Chocolate', 18.60, false, true, true, 12, true);
insert into `diner`.`product` (id, description, price, celiac_allowed, kitchen, active, subcategory_id, stock) values (119, 'Brownie con Helado de Crema', 18.90, false, true, true, 12, true);
insert into `diner`.`product` (id, description, price, celiac_allowed, kitchen, active, subcategory_id, stock) values (120, 'Tiramisu', 20.90, false, true, true, 12, true);
insert into `diner`.`product` (id, description, price, celiac_allowed, kitchen, active, subcategory_id, stock) values (121, 'Porción Chantillí o Dulce/Leche', 6.50, false, true, true, 12, true);
insert into `diner`.`product` (id, description, price, celiac_allowed, kitchen, active, subcategory_id, stock) values (122, 'Helado en Bochas', 15.50, false, true, true, 13, true);
insert into `diner`.`product` (id, description, price, celiac_allowed, kitchen, active, subcategory_id, stock) values (123, 'Almendrado Helado', 15.50, false, true, true, 13, true);
insert into `diner`.`product` (id, description, price, celiac_allowed, kitchen, active, subcategory_id, stock) values (124, 'Bombón Suizo', 15.50, false, true, true, 13, true);
insert into `diner`.`product` (id, description, price, celiac_allowed, kitchen, active, subcategory_id, stock) values (125, 'Bombón Escocés', 16.50, false, true, true, 13, true);
insert into `diner`.`product` (id, description, price, celiac_allowed, kitchen, active, subcategory_id, stock) values (126, 'Charlotte ', 19.90, false, true, true, 13, true);
insert into `diner`.`product` (id, description, price, celiac_allowed, kitchen, active, subcategory_id, stock) values (127, 'Copa Helada “La Perla”', 25.00, false, true, true, 13, true);
insert into `diner`.`product` (id, description, price, celiac_allowed, kitchen, active, subcategory_id, stock) values (128, 'Don Pedro c/Helado Crema', 26.50, false, true, true, 13, true);
insert into `diner`.`product` (id, description, price, celiac_allowed, kitchen, active, subcategory_id, stock) values (129, 'Agua Mineral Gasificada ', 12.00, false, false, true, 14, true);
insert into `diner`.`product` (id, description, price, celiac_allowed, kitchen, active, subcategory_id, stock) values (130, 'Agua Mineral ', 12.00, false, false, true, 14, true);
insert into `diner`.`product` (id, description, price, celiac_allowed, kitchen, active, subcategory_id, stock) values (131, 'Gaseosa Chica ', 12.00, false, false, true, 14, true);
insert into `diner`.`product` (id, description, price, celiac_allowed, kitchen, active, subcategory_id, stock) values (132, 'Agua Saborizada ', 13.50, false, false, true, 14, true);
insert into `diner`.`product` (id, description, price, celiac_allowed, kitchen, active, subcategory_id, stock) values (133, 'Gaseosa Grande ', 25.00, false, false, true, 14, true);
insert into `diner`.`product` (id, description, price, celiac_allowed, kitchen, active, subcategory_id, stock) values (134, 'Jugo de Naranja', 16.50, false, false, true, 14, true);
insert into `diner`.`product` (id, description, price, celiac_allowed, kitchen, active, subcategory_id, stock) values (135, 'Cerveza Quilmes Boca Ancha ', 14.50, false, false, true, 15, true);
insert into `diner`.`product` (id, description, price, celiac_allowed, kitchen, active, subcategory_id, stock) values (136, 'Cerveza Quilmes ', 25.50, false, false, true, 15, true);
insert into `diner`.`product` (id, description, price, celiac_allowed, kitchen, active, subcategory_id, stock) values (137, 'Cerveza Iguana ', 31.00, false, false, true, 15, true);
insert into `diner`.`product` (id, description, price, celiac_allowed, kitchen, active, subcategory_id, stock) values (138, 'Cerveza Estela Artois ', 38.50, false, false, true, 15, true);
insert into `diner`.`product` (id, description, price, celiac_allowed, kitchen, active, subcategory_id, stock) values (139, 'Champagne Chandon Extra Brut', 108.90, false, false, true, 16, true);
insert into `diner`.`product` (id, description, price, celiac_allowed, kitchen, active, subcategory_id, stock) values (140, 'Champagne Chandon Baby ', 33.00, false, false, true, 16, true);
insert into `diner`.`product` (id, description, price, celiac_allowed, kitchen, active, subcategory_id, stock) values (141, 'Champagne Mercier', 60.50, false, false, true, 16, true);
insert into `diner`.`product` (id, description, price, celiac_allowed, kitchen, active, subcategory_id, stock) values (142, 'New Age ', 54.00, false, false, true, 16, true);
insert into `diner`.`product` (id, description, price, celiac_allowed, kitchen, active, subcategory_id, stock) values (143, 'Whisky Chivas', 45.00, false, false, true, 16, true);
insert into `diner`.`product` (id, description, price, celiac_allowed, kitchen, active, subcategory_id, stock) values (144, 'Whisky Blenders', 25.00, false, false, true, 16, true);
insert into `diner`.`product` (id, description, price, celiac_allowed, kitchen, active, subcategory_id, stock) values (145, 'Fernet Branca ', 18.00, false, false, true, 16, true);
insert into `diner`.`product` (id, description, price, celiac_allowed, kitchen, active, subcategory_id, stock) values (146, 'Campari ', 30.00, false, false, true, 16, true);
insert into `diner`.`product` (id, description, price, celiac_allowed, kitchen, active, subcategory_id, stock) values (147, 'Cinzano', 24.50, false, false, true, 16, true);
insert into `diner`.`product` (id, description, price, celiac_allowed, kitchen, active, subcategory_id, stock) values (148, 'Gancia', 24.50, false, false, true, 16, true);
insert into `diner`.`product` (id, description, price, celiac_allowed, kitchen, active, subcategory_id, stock) values (149, 'Café o Cortado', 9.90, false, false, true, 17, true);
insert into `diner`.`product` (id, description, price, celiac_allowed, kitchen, active, subcategory_id, stock) values (150, 'Café Doble', 13.90, false, false, true, 17, true);
insert into `diner`.`product` (id, description, price, celiac_allowed, kitchen, active, subcategory_id, stock) values (151, 'Café con Crema', 13.90, false, false, true, 17, true);
insert into `diner`.`product` (id, description, price, celiac_allowed, kitchen, active, subcategory_id, stock) values (152, 'Té o Té Digestivos', 9.908/9, false, false, true, 17, true);
insert into `diner`.`product` (id, description, price, celiac_allowed, kitchen, active, subcategory_id, stock) values (153, 'Luigi Bosca Malbec Reserva', 154.00, false, false, true, 18, true);
insert into `diner`.`product` (id, description, price, celiac_allowed, kitchen, active, subcategory_id, stock) values (154, 'Finca la Linda Cabernet Sauvignon', 86.90, false, false, true, 18, true);
insert into `diner`.`product` (id, description, price, celiac_allowed, kitchen, active, subcategory_id, stock) values (155, 'Finca la Linda Malbec', 86.90, false, false, true, 18, true);
insert into `diner`.`product` (id, description, price, celiac_allowed, kitchen, active, subcategory_id, stock) values (156, 'Finca la Linda Chardonnay', 86.90, false, false, true, 18, true);
insert into `diner`.`product` (id, description, price, celiac_allowed, kitchen, active, subcategory_id, stock) values (157, 'Catena Zapata d.v. Cabernet Malbec', 132.00, false, false, true, 18, true);
insert into `diner`.`product` (id, description, price, celiac_allowed, kitchen, active, subcategory_id, stock) values (158, 'Alamo Malbec', 67.00, false, false, true, 18, true);
insert into `diner`.`product` (id, description, price, celiac_allowed, kitchen, active, subcategory_id, stock) values (159, 'Alamo Cabernet', 67.00, false, false, true, 18, true);
insert into `diner`.`product` (id, description, price, celiac_allowed, kitchen, active, subcategory_id, stock) values (160, 'Uxmal Cabernet', 49.50, false, false, true, 18, true);
insert into `diner`.`product` (id, description, price, celiac_allowed, kitchen, active, subcategory_id, stock) values (161, 'Uxmal Malbec', 49.50, false, false, true, 18, true);
insert into `diner`.`product` (id, description, price, celiac_allowed, kitchen, active, subcategory_id, stock) values (162, 'Uxmal Sauvignon Blanco', 49.50, false, false, true, 18, true);
insert into `diner`.`product` (id, description, price, celiac_allowed, kitchen, active, subcategory_id, stock) values (163, 'Estiba I Cabernet', 38.50, false, false, true, 18, true);
insert into `diner`.`product` (id, description, price, celiac_allowed, kitchen, active, subcategory_id, stock) values (164, 'Estiba I Malbec', 38.50, false, false, true, 18, true);
insert into `diner`.`product` (id, description, price, celiac_allowed, kitchen, active, subcategory_id, stock) values (165, 'Alambrado Malbec', 69.90, false, false, true, 18, true);
insert into `diner`.`product` (id, description, price, celiac_allowed, kitchen, active, subcategory_id, stock) values (166, 'Alambrado Cabernet Sauvignon', 69.90, false, false, true, 18, true);
insert into `diner`.`product` (id, description, price, celiac_allowed, kitchen, active, subcategory_id, stock) values (167, 'Fuzion Alta Malbec', 55.00, false, false, true, 18, true);
insert into `diner`.`product` (id, description, price, celiac_allowed, kitchen, active, subcategory_id, stock) values (168, 'Fuzion Alta Cabernet Sauvignon', 55.00, false, false, true, 18, true);
insert into `diner`.`product` (id, description, price, celiac_allowed, kitchen, active, subcategory_id, stock) values (169, 'Santa Julia Reserva Malbec', 58.00, false, false, true, 18, true);
insert into `diner`.`product` (id, description, price, celiac_allowed, kitchen, active, subcategory_id, stock) values (170, 'Santa Julia Reserva Tempranillo', 58.00, false, false, true, 18, true);
insert into `diner`.`product` (id, description, price, celiac_allowed, kitchen, active, subcategory_id, stock) values (171, 'Santa Julia Varietal Malbec', 46.50, false, false, true, 18, true);
insert into `diner`.`product` (id, description, price, celiac_allowed, kitchen, active, subcategory_id, stock) values (172, 'Santa Julia Varietal Cabernet Sauvignon', 46.50, false, false, true, 18, true);
insert into `diner`.`product` (id, description, price, celiac_allowed, kitchen, active, subcategory_id, stock) values (173, 'Santa Julia Varietal Syrah', 46.50, false, false, true, 18, true);
insert into `diner`.`product` (id, description, price, celiac_allowed, kitchen, active, subcategory_id, stock) values (174, 'Santa Julia Varietal Chardonnay', 46.50, false, false, true, 18, true);
insert into `diner`.`product` (id, description, price, celiac_allowed, kitchen, active, subcategory_id, stock) values (175, 'Conte de Valmont Tinto', 52.90, false, false, true, 18, true);
insert into `diner`.`product` (id, description, price, celiac_allowed, kitchen, active, subcategory_id, stock) values (176, 'Latitud 33 Malbec', 61.50, false, false, true, 18, true);
insert into `diner`.`product` (id, description, price, celiac_allowed, kitchen, active, subcategory_id, stock) values (177, 'Latitud 33 Cabernet Sauvignon', 61.50, false, false, true, 18, true);
insert into `diner`.`product` (id, description, price, celiac_allowed, kitchen, active, subcategory_id, stock) values (178, 'Castel Chandon Blanco', 42.90, false, false, true, 18, true);
insert into `diner`.`product` (id, description, price, celiac_allowed, kitchen, active, subcategory_id, stock) values (179, 'Lopez Tinto', 49.50, false, false, true, 18, true);
insert into `diner`.`product` (id, description, price, celiac_allowed, kitchen, active, subcategory_id, stock) values (180, 'Lopez Blanco', 49.50, false, false, true, 18, true);
insert into `diner`.`product` (id, description, price, celiac_allowed, kitchen, active, subcategory_id, stock) values (181, 'San Felipe Tinto', 41.90, false, false, true, 18, true);
insert into `diner`.`product` (id, description, price, celiac_allowed, kitchen, active, subcategory_id, stock) values (182, 'San Felipe Blanco', 41.90, false, false, true, 18, true);
insert into `diner`.`product` (id, description, price, celiac_allowed, kitchen, active, subcategory_id, stock) values (183, 'Norton Clásico Tinto', 37.50, false, false, true, 18, true);
insert into `diner`.`product` (id, description, price, celiac_allowed, kitchen, active, subcategory_id, stock) values (184, 'Norton Clásico Chardonnay', 37.50, false, false, true, 18, true);
insert into `diner`.`product` (id, description, price, celiac_allowed, kitchen, active, subcategory_id, stock) values (185, 'Colón Borgoña o Chablis', 28.50, false, false, true, 18, true);
insert into `diner`.`product` (id, description, price, celiac_allowed, kitchen, active, subcategory_id, stock) values (186, 'Colón Cabernet - Sauvignon', 36.50, false, false, true, 18, true);
insert into `diner`.`product` (id, description, price, celiac_allowed, kitchen, active, subcategory_id, stock) values (187, 'Colón Malbec', 36.50, false, false, true, 18, true);
insert into `diner`.`product` (id, description, price, celiac_allowed, kitchen, active, subcategory_id, stock) values (188, 'Colón Chardonnay', 36.50, false, false, true, 18, true);
insert into `diner`.`product` (id, description, price, celiac_allowed, kitchen, active, subcategory_id, stock) values (189, 'Chiappa Malbec Reserva', 70.00, false, false, true, 18, true);
insert into `diner`.`product` (id, description, price, celiac_allowed, kitchen, active, subcategory_id, stock) values (190, 'Chiappa Cabernet Sauvignon Reserva', 70.00, false, false, true, 18, true);
insert into `diner`.`product` (id, description, price, celiac_allowed, kitchen, active, subcategory_id, stock) values (191, 'Chiappa Malbec Clásico', 48.50, false, false, true, 18, true);
insert into `diner`.`product` (id, description, price, celiac_allowed, kitchen, active, subcategory_id, stock) values (192, 'Chiappa Cabernet Sauvignon Clásico', 48.50, false, false, true, 18, true);
insert into `diner`.`product` (id, description, price, celiac_allowed, kitchen, active, subcategory_id, stock) values (193, 'Chiappa Bonarda Bivarietal', 31.90, false, false, true, 18, true);
insert into `diner`.`product` (id, description, price, celiac_allowed, kitchen, active, subcategory_id, stock) values (194, 'Etchart Privado Torrontes', 35.50, false, false, true, 18, true);
insert into `diner`.`product` (id, description, price, celiac_allowed, kitchen, active, subcategory_id, stock) values (195, 'Estancia Mendoza Chardonnay Chenin', 27.50, false, false, true, 18, true);
insert into `diner`.`product` (id, description, price, celiac_allowed, kitchen, active, subcategory_id, stock) values (196, 'Estancia Mendoza Merlot - Malbec', 27.50, false, false, true, 18, true);
insert into `diner`.`product` (id, description, price, celiac_allowed, kitchen, active, subcategory_id, stock) values (197, 'Estancia Mendoza Cabernet Malbec', 27.50 , false, false, true, 18, true);
insert into `diner`.`product` (id, description, price, celiac_allowed, kitchen, active, subcategory_id, stock) values (198, 'Estancia Mendoza Malbec', 38.00 , false, false, true, 18, true);
insert into `diner`.`product` (id, description, price, celiac_allowed, kitchen, active, subcategory_id, stock) values (199, 'Estancia Mendoza Cabernet', 38.00 , false, false, true, 18, true);
insert into `diner`.`product` (id, description, price, celiac_allowed, kitchen, active, subcategory_id, stock) values (200, 'Estancia Mendoza Syrah', 38.00 , false, false, true, 18, true);
insert into `diner`.`product` (id, description, price, celiac_allowed, kitchen, active, subcategory_id, stock) values (201, 'Estancia Mendoza Chardonnay', 38.00 , false, false, true, 18, true);

insert into `diner`.`role` values (1, 'KITCHEN', 'Cocinero y Ayudante de Cocina');
insert into `diner`.`role` values (2, 'BAR', 'Encargo de Barra o Bartender');
insert into `diner`.`role` values (3, 'WAITER', 'Mozo');
insert into `diner`.`role` values (4, 'CASHIER', 'Cajero o Cobrador');
insert into `diner`.`role` values (5, 'ENTITY_ADMINISTRATION', 'Administración de Entidades');
insert into `diner`.`role` values (6, 'USER_ADMINISTRATION', 'Administración de Usuarios');

insert into `diner`.`user` values (1, "crodriguez", "3b7f6458be826d8cac7e7510bfae50d0ebf283ef", 1);
insert into `diner`.`user` values (2, "rfernandez", "3b7f6458be826d8cac7e7510bfae50d0ebf283ef", 1);
insert into `diner`.`user` values (3, "sbalazote", "3b7f6458be826d8cac7e7510bfae50d0ebf283ef", 1);
insert into `diner`.`user` values (4, "mlongo", "3b7f6458be826d8cac7e7510bfae50d0ebf283ef", 1);
insert into `diner`.`user` values (5, "lpalmieri", "3b7f6458be826d8cac7e7510bfae50d0ebf283ef", 1);
insert into `diner`.`user` values (6, "frago", "3b7f6458be826d8cac7e7510bfae50d0ebf283ef", 1);
insert into `diner`.`user` values (7, "admin", "bba48f6c994c885417a26397ac34aeb59981d0b6", 1);

insert into `diner`.`user_role` values (1, 1, 3);
insert into `diner`.`user_role` values (2, 2, 3);
insert into `diner`.`user_role` values (3, 3, 1);
insert into `diner`.`user_role` values (4, 4, 2);
insert into `diner`.`user_role` values (5, 5, 4);
insert into `diner`.`user_role` values (6, 6, 5);
insert into `diner`.`user_role` values (7, 7, 1);
insert into `diner`.`user_role` values (8, 7, 2);
insert into `diner`.`user_role` values (9, 7, 4);
insert into `diner`.`user_role` values (10, 7, 5);
insert into `diner`.`user_role` values (11, 7, 6);

commit;